,Predictions
0,1842.653075963259
1,1854.2387356460097
2,1806.119962692261
3,1838.0200109481814
4,1791.2094266563656
5,1792.2375777214768
6,1797.3784633576872
7,1777.3338178396227
8,1788.125364392996
9,1818.9790180921557
10,1787.6116797924044
11,1816.4069463908675
12,1793.5227013975384
13,1804.3198513090613
14,1847.2869228422644
15,1859.9043822884562
16,1816.4069463908675
17,1824.6386704444888
18,1829.2701717317107
19,1789.4104880690577
20,1766.5461806058886
21,1767.3165771961214
22,1767.5734194964173
23,1752.168484836817
24,1776.3063183277848
25,1804.8343177735808
26,1808.948485761881
27,1843.425557523966
28,1834.9313878118994
29,1834.1596881151202
30,1862.2220875918867
31,1841.3661279380324
32,1844.9699994027617
33,1866.858540683985
34,1868.6613885909321
35,1857.5864163637164
36,1893.399302646518
37,1903.1956667304041
38,1912.7368825525048
39,1921.7638925313952
40,1920.4742079824211
41,1902.6800274699929
42,1908.8686107695105
43,1907.8370716273787
44,1944.4693513065579
45,1945.7594267874958
46,1935.9534197151663
47,1953.2449920326474
48,1968.7356711030009
49,1974.158418685198
50,1974.158418685198
51,1975.1915215551855
52,1961.2477602660658
53,1958.6660455763342
54,1963.829605266452
55,1979.3236724138262
56,1992.2391523271801
57,1987.8475529551508
58,2000.248305782676
59,1989.3974678814413
60,1972.3508795946839
61,1992.2391523271801
62,1965.636883735657
63,1970.5430798828604
64,1969.768513351679
65,1987.8475529551508
66,2010.0677348524334
67,2012.1349830776455
68,2008.258501723409
69,2023.5073242187502
70,2028.9360660910609
71,2032.2967778742316
72,2021.1808881014588
73,2018.8547126054766
74,2013.9438252747061
75,2020.4055397063496
76,2028.4187327921393
77,2004.6406870186331
78,1993.788936942816
79,2011.8764467388394
80,1988.1058286726477
81,1981.1314721256497
82,1977.7738877981903
83,1981.9065598994496
84,1988.8809164464476
85,2013.4272738397124
86,1995.0807064622643
87,1995.8559245467188
88,1977.2574666738512
89,1998.4397242069247
90,1975.7080729901793
91,1972.3508795946839
92,1969.2519619166853
93,1981.1314721256497
94,1982.1647053062918
95,2009.8091985136273
96,2025.0582816302779
97,2024.282802924514
98,2031.0040961802008
99,2037.9844470173123
100,2029.1943418085577
101,2034.1062716245654
102,2036.9503016620877
103,2035.3992139399054
104,2046.2590432763102
105,2047.034521982074
106,2054.2756244391203
107,2051.6893488764763
108,2028.1601964533331
109,2014.9777100086214
110,2010.3258802592757
111,2009.5506621748211
112,2014.9777100086214
113,2005.6743111312392
114,2024.0243968963625
115,2025.8338906466963
116,2022.2149031460287
117,2045.2245069891217
118,1975.1915215551855
119,1933.889168635011
120,1966.6699866056445
121,2004.1240052729847
122,2029.1943418085577
123,2040.0528680384161
124,2045.2245069891217
125,2026.867645069957
126,2036.6916350126269
127,2034.623604923487
128,2066.4319144785404
129,2078.073086500168
130,2091.7861979305744
131,2093.8563129901886
132,2104.725264072418
133,2102.3960914313793
134,2108.8662760555744
135,2103.1724823117256
136,2116.113503113389
137,2103.949133813381
138,2116.3723000735044
139,2108.089885175228
140,2109.901463896036
141,2111.972100198269
142,2114.3017940819263
143,2116.63109703362
144,2110.6781153976917
145,2098.5142673403025
146,2101.8784975111485
147,2107.0545670241117
148,2125.4324089586735
149,2122.5849908441305
150,2124.914684727788
151,2117.1490818858147
152,2132.6809391230345
153,2129.3155361562967
154,2136.8233845233917
155,2126.4678574204445
156,2128.0211604237556
157,2131.3865633904934
158,2129.574463427067
159,2128.5387543439865
160,2133.975575476885
161,2118.1842697262764
162,2117.6666758060455
163,2114.819388002157
164,2126.4678574204445
165,2122.0670059919357
166,2117.1490818858147
167,2114.042997121811
168,2126.4678574204445
169,2126.72665438056
170,2130.610172510147
171,2131.9044179320335
172,2129.574463427067
173,2079.1080137193203
174,2109.12507301569
175,2071.34671112895
176,2070.0532475709915
177,2095.408834129572
178,2085.058649763465
179,2086.3525042533875
180,2088.681155651808
181,2109.6427972465754
182,2125.4324089586735
183,2112.74862138927
184,2092.04499489069
185,2106.5368427932262
186,2115.854575842619
187,2102.6548883914948
188,2121.2906151115894
189,2108.607479095459
190,2098.2556006908417
191,2108.089885175228
192,2108.3486821353436
193,2102.137294471264
194,2111.1957093179226
195,2082.9886650145054
196,2087.3871708512306
197,2080.6602742373943
198,2084.282128572464
199,2072.6401746869087
200,2087.1286345124245
201,2093.597646340728
202,2087.3871708512306
203,2087.3871708512306
204,2097.738006770611
205,2090.233416169882
206,2087.6462284326553
207,2080.6602742373943
208,2073.675101906061
209,2074.451232165098
210,2055.0513637661934
211,2048.068797647953
212,2031.262632519007
213,2033.84747466445
214,2073.675101906061
215,2092.821125149727
216,2114.819388002157
217,2118.443066686392
218,2112.2311577796936
219,2113.2663456201553
220,2131.3865633904934
221,2128.0211604237556
222,2138.376948148012
223,2137.082311794162
224,2148.475111708045
225,2156.502378344536
226,2156.7611753046513
227,2161.681445002556
228,2167.3788874447346
229,2154.689626827836
230,2158.056072279811
231,2158.056072279811
232,2143.037508711219
233,2145.626651108265
234,2159.091781362891
235,2164.2711086422205
236,2195.870530217886
237,2203.901054620743
238,2215.041051864624
239,2212.7095336318016
240,2232.659312993288
241,2216.5956579744816
242,2221.5180126428604
243,2212.7095336318016
244,2220.4817823171616
245,2228.772928029299
246,2225.9226430803537
247,2218.150264084339
248,2221.2589550614357
249,2228.2546825557947
250,2206.7508183270693
251,2205.9735152721405
252,2192.761969551444
253,2209.8596396148205
254,2229.809028044343
255,2224.6272248625755
256,2238.3593616485596
257,2229.809028044343
258,2230.3275341391563
259,2231.1049675047398
260,2228.2546825557947
261,2234.2139191031456
262,2229.291043192148
263,2224.109109699726
264,2229.291043192148
265,2220.4817823171616
266,2226.9590037167072
267,2224.8865430653095
268,2240.6914011240005
269,2258.8307745605707
270,2255.2026653140783
271,2251.8340045809746
272,2236.286900997162
273,2237.064073741436
274,2240.432343542576
275,2239.396113216877
276,2257.2757775187492
277,2250.538325741887
278,2251.056571215391
279,2255.979968369007
280,2269.9737689495087
281,2278.525666281581
282,2291.7426850497723
283,2300.2952339351177
284,2313.771961838007
285,2310.1435919702053
286,2311.698458701372
287,2319.2145166397095
288,2330.877320230007
289,2327.5082685649395
290,2328.545020133257
291,2329.0631352961063
292,2336.3198750317097
293,2327.2489503622055
294,2367.161279529333
295,2348.2419968247414
296,2349.019430190325
297,2345.3913209438324
298,2332.4327082037926
299,2329.0631352961063
300,2331.6548839062452
301,2337.875002384186
302,2340.4668813049793
303,2331.91394148767
304,2355.2394183576107
305,2347.9826786220074
306,2346.4278118908405
307,2341.7626904547215
308,2309.1069707125425
309,2313.771961838007
310,2308.847522199154
311,2314.031280040741
312,2309.6252161860466
313,2326.730574578047
314,2326.730574578047
315,2334.765008300543
316,2333.7282567322254
317,2324.657462373376
318,2324.916389644146
319,2320.7696439921856
320,2323.36126229167
321,2322.324641034007
322,2323.879898697138
323,2314.8087134063244
324,2309.1069707125425
325,2295.630373120308
326,2312.2169647961855
327,2308.5887252390385
328,2300.554030895233
329,2325.693953320384
330,2317.400592327118
331,2342.799311712384
332,2357.8311669677496
333,2356.794545710087
334,2355.2394183576107
335,2350.056312069297
336,2360.1639883071184
337,2355.49860624969
338,2354.4619849920273
339,2356.276169925928
340,2363.0145338773727
341,2363.792097553611
342,2360.6822337806225
343,2366.6429037451744
344,2363.2735914587975
345,2358.349673062563
346,2369.2345220446587
347,2370.271273612976
348,2329.3223231881857
349,2336.060817450285
350,2348.7603726089
351,2364.5694006085396
352,2367.161279529333
353,2374.158570751548
354,2386.3389682620764
355,2385.820462167263
356,2386.0795197486877
357,2385.3023470044136
358,2382.1923529207706
359,2397.4822232723236
360,2410.1799540817738
361,2409.920505568385
362,2401.628317371011
363,2406.2929175645113
364,2403.7015598863363
365,2396.963847488165
366,2396.963847488165
367,2412.7710511386395
368,2408.6248267292976
369,2402.405881047249
370,2402.9239962100983
371,2424.6904364079237
372,2411.216445028782
373,2407.329278200865
374,2407.847914606333
375,2409.1432025134563
376,2413.030108720064
377,2395.9273565411568
378,2413.5486148148775
379,2393.076680660248
380,2402.1466931551695
381,2398.259656637907
382,2399.8142627477646
383,2406.0338599830866
384,2379.8600528240204
385,2398.5187142193317
386,2403.442371994257
387,2399.8142627477646
388,2417.4351300895214
389,2421.0629787147045
390,2435.313621595502
391,2431.9454821050167
392,2432.981973052025
393,2446.195473432541
394,2449.5634826123714
395,2443.3455794155598
396,2446.195473432541
397,2450.858770519495
398,2450.858770519495
399,2444.6408673226833
400,2445.6773582696915
401,2448.5273825973272
402,2449.0452371388674
403,2448.268194705248
404,2444.3819400519133
405,2448.008876502514
406,2453.4496069550514
407,2446.195473432541
408,2445.159243106842
409,2414.066729977727
410,2415.102829992771
411,2439.45945507288
412,2442.5684066712856
413,2443.3455794155598
414,2407.329278200865
415,2403.7015598863363
416,2402.1466931551695
417,2428.0590971410275
418,2421.581093877554
419,2413.5486148148775
420,2420.544602930546
421,2417.4351300895214
422,2421.840412080288
423,2429.8728911429644
424,2449.8224098831415
425,2453.708664536476
426,2444.123012781143
427,2430.649933576584
428,2442.309349089861
429,2439.7185126543045
430,2436.6093004345894
431,2463.2937950491905
432,2470.547146707773
433,2472.101231575012
434,2471.583116412163
435,2475.728037714958
436,2481.944377183914
437,2484.275374174118
438,2481.6853196024895
439,2478.576889246702
440,2478.576889246702
441,2470.287828505039
442,2475.468719512224
443,2486.606371164322
444,2485.829459041357
445,2494.1172166764736
446,2504.2174652069807
447,2511.9861955046654
448,2514.575468212366
449,2529.5928589850664
450,2525.7092105448246
451,2521.307577252388
452,2527.780368089676
453,2533.2174498438835
454,2529.3339317142963
455,2532.958392262459
456,2536.0651285797358
457,2538.1361558139324
458,2541.501298159361
459,2538.1361558139324
460,2552.8907099962234
461,2545.125498086214
462,2547.713988929987
463,2534.7707528471947
464,2540.9835739284754
465,2558.32635833323
466,2551.596464574337
467,2554.18495541811
468,2559.361415863037
469,2558.843561321497
470,2566.0901368260384
471,2571.0072790682316
472,2567.384382247925
473,2573.336191087961
474,2563.243630886078
475,2561.6908491253853
476,2563.243630886078
477,2556.514388680458
478,2546.9375980496407
479,2567.642918586731
480,2559.8787491619587
481,2562.208573356271
482,2580.8402604460716
483,2579.80507260561
484,2579.546405956149
485,2584.203839063645
486,2584.462375402451
487,2608.7788648009305
488,2607.227125525475
489,2628.6918965578084
490,2626.105751305819
491,2625.5886786282067
492,2614.210212886334
493,2613.6931402087216
494,2620.158112406731
495,2633.087014317513
496,2641.6184528768067
497,2651.441530644894
498,2652.2168790400033
499,2641.876989215613
500,2662.55442327261
501,2677.0241183638577
502,2669.790052682162
503,2667.981601417065
504,2674.1825642287736
505,2670.306864738465
506,2667.981601417065
507,2664.622192740441
508,2667.981601417065
509,2663.8468443453316
510,2676.76610326767
511,2696.1393882930283
512,2708.535319626332
513,2723.2505199909215
514,2732.284697055817
515,2741.0582528114323
516,2732.8007272481923
517,2749.573011606932
518,2771.754751861096
519,2780.779025316239
520,2767.8868710100655
521,2794.4410549700265
522,2786.1926511526112
523,2797.5335874259476
524,2816.857615023852
525,2829.4776806831364
526,2827.9321963191037
527,2825.871984869242
528,2859.0795702338223
529,2843.1232911944394
530,2815.054376184941
531,2816.3423666954045
532,2801.3991226851945
533,2751.120580941439
534,2659.195014595986
535,2675.7327397763734
536,2687.099738180638
537,2592.7414022237067
538,2594.0347354710107
539,2644.7208889424805
540,2641.876989215613
541,2678.058003097773
542,2706.2105775475507
543,2719.6364842951302
544,2712.666167378426
545,2694.073703795672
546,2696.6564609706406
547,2688.1328410506253
548,2727.122310161591
549,2762.212884485722
550,2736.413459837437
551,2715.5058971643452
552,2652.7339517176156
553,2673.4074764549737
554,2710.8587585985665
555,2709.5679012537007
556,2712.924443095923
557,2715.5058971643452
558,2767.1128257215028
559,2775.3646176159386
560,2745.961060881615
561,2730.477548897267
562,2732.5427121520047
563,2741.0582528114323
564,2686.841462463141
565,2697.947839558125
566,2701.3046420216565
567,2629.726041913033
568,2572.301133558154
569,2634.8970293104653
570,2576.9585666656494
571,2584.462375402451
572,2620.934242665768
573,2542.7959345132113
574,2582.909984573722
575,2617.5724883973603
576,2641.1016408205037
577,2577.7350878566504
578,2603.3469954729085
579,2634.638492971659
580,2621.9683880209927
581,2647.8222825229172
582,2629.4672449529176
583,2661.003726482392
584,2689.6824953556065
585,2690.4575831294064
586,2673.6657521724705
587,2643.1696709096436
588,2644.462091982365
589,2596.8804595470433
590,2608.7788648009305
591,2645.754773676396
592,2645.2377009987836
593,2631.5355356633668
594,2621.9683880209927
595,2610.3308646976952
596,2600.5020532608037
597,2640.8431044816975
598,2645.754773676396
599,2643.945019304753
600,2669.273501247168
601,2697.689303219319
602,2704.919980823994
603,2707.760492473841
604,2683.224820554257
605,2698.980681806803
606,2696.914215445519
607,2692.2655131518845
608,2708.018768191338
609,2705.1785171628003
610,2706.727650225163
611,2704.1451536715035
612,2696.1393882930283
613,2702.0797297954564
614,2665.3970198929314
615,2702.0797297954564
616,2685.5498232543473
617,2710.8587585985665
618,2726.8645556867127
619,2726.8645556867127
620,2747.251136362553
621,2749.8307660818105
622,2757.569915860892
623,2767.1128257215028
624,2764.7917323410516
625,2762.728654056788
626,2766.597056150437
627,2759.6332547664647
628,2751.6368717551236
629,2740.0264530479913
630,2749.0567207932477
631,2723.508535087109
632,2738.4781018495564
633,2695.88163381815
634,2704.4034293890004
635,2687.6160289943223
636,2694.073703795672
637,2705.6948079764848
638,2696.914215445519
639,2687.6160289943223
640,2696.6564609706406
641,2711.1172949373727
642,2735.6394145488744
643,2762.470378339291
644,2772.270521432162
645,2753.959007620812
646,2774.5910935699944
647,2780.005761891604
648,2776.911665707827
649,2793.409776449204
650,2794.4410549700265
651,2785.1618938744073
652,2781.8105644583707
653,2785.4196483492856
654,2795.7295667231087
655,2821.75130134821
656,2815.569363892079
657,2796.5028301477437
658,2780.263255745173
659,2795.7295667231087
660,2794.183039873839
661,2805.7796456515794
662,2817.8878510594373
663,2828.7051991224293
664,2837.9741959869866
665,2840.5488739013676
666,2836.68724796176
667,2810.932389557362
668,2804.7488883733754
669,2819.690829277039
670,2798.048835754395
671,2820.7210653126244
672,2832.825100779534
673,2839.7763923406605
674,2845.1821995377545
675,2844.152745366097
676,2835.6570119261746
677,2855.4772624969487
678,2877.0874602198605
679,2877.0874602198605
680,2897.656215190888
681,2880.1732165217404
682,2880.6874223649506
683,2888.9157583415513
684,2874.772361129523
685,2867.31259739399
686,2860.3659970164304
687,2851.3597064316277
688,2859.851530551911
689,2869.627957105637
690,2872.2000288069253
691,2881.7163552939896
692,2886.0877565145497
693,2869.113751262427
694,2888.658785730601
695,2891.744020789862
696,2913.075614333153
697,2912.0479845106606
698,2900.9973803758626
699,2897.3992425799374
700,2893.0291444659238
701,2894.3145287632947
702,2892.7724324762826
703,2899.4555447101598
704,2903.567627727986
705,2904.8527514040475
706,2876.5727331340318
707,2865.254731535912
708,2867.31259739399
709,2861.395451188088
710,2777.1694201827054
711,2715.248142689467
712,2741.31626790762
713,2734.8653692603116
714,2785.1618938744073
715,2776.6539112329488
716,2741.8328193426137
717,2748.025181651116
718,2732.5427121520047
719,2714.731591254473
720,2646.530122071505
721,2679.0911059677605
722,2614.9860825240617
723,2572.559800207615
724,2644.7208889424805
725,2688.390856146813
726,2711.633585751057
727,2692.0072374343877
728,2706.727650225163
729,2716.5390000343327
730,2780.779025316239
731,2773.3017999529843
732,2761.4390998184685
733,2704.6617051064973
734,2693.2988766431813
735,2678.833090871573
736,2695.364821761847
737,2712.924443095923
738,2656.3521573543553
739,2613.1758069098
740,2618.0893004536633
741,2599.4673866629605
742,2595.0695323795085
743,2640.0677560865884
744,2649.114964216948
745,2708.535319626332
746,2717.055290848017
747,2728.6711826026444
748,2761.9548693895345
749,2671.340488851071
750,2654.0258515477185
751,2604.8992559909825
752,2611.106734335423
753,2612.3999372720723
754,2633.087014317513
755,2620.675706326962
756,2559.8787491619587
757,2499.296934887767
758,2509.655459135771
759,2462.2573041021824
760,2422.0994696617126
761,2372.8627616018057
762,2294.3343033492565
763,2411.216445028782
764,2438.163906544447
765,2434.2772609591484
766,2460.4441616535187
767,2453.708664536476
768,2408.366029769182
769,2487.642471179366
770,2513.539759129286
771,2535.28847707808
772,2547.4551919698715
773,2559.1026189029217
774,2556.2555917203426
775,2545.125498086214
776,2571.0072790682316
777,2581.357593744993
778,2595.8457929492
779,2632.5696810185914
780,2626.881881564856
781,2588.3432873189454
782,2599.4673866629605
783,2600.2432563006882
784,2626.6230846047406
785,2600.2432563006882
786,2601.7955168187623
787,2641.1016408205037
788,2662.55442327261
789,2668.2396165132527
790,2682.708008497954
791,2701.046626925469
792,2696.1393882930283
793,2665.914353191853
794,2663.0714959502225
795,2671.8570402860646
796,2709.309625536204
797,2723.2505199909215
798,2717.8295967578892
799,2739.7684379518037
800,2745.7027851641183
801,2752.926425993443
802,2753.959007620812
803,2735.123384356499
804,2757.054146289826
805,2768.402119338513
806,2765.8232714831834
807,2758.8597307205205
808,2754.732531666756
809,2774.5910935699944
810,2758.601715624333
811,2762.728654056788
812,2742.8646191060548
813,2711.8916008472447
814,2702.596020609141
815,2749.0567207932477
816,2761.696854293347
817,2782.0680583119397
818,2779.4897316992287
819,2792.121525317431
820,2801.914631634951
821,2793.6677915453915
822,2795.471551626921
823,2829.219926208258
824,2771.754751861096
825,2767.3708408176904
826,2777.427435278893
827,2776.6539112329488
828,2783.3570913076405
829,2799.3376081287865
830,2834.1123094260697
831,2837.7167021334176
832,2840.8063677549367
833,2846.2119143307214
834,2860.8809847235684
835,2862.6821385920052
836,2847.241629123688
837,2857.5356495976453
838,2855.991728961468
839,2876.3157605230813
840,2873.2292223572736
841,2873.2292223572736
842,2871.943056195975
843,2874.2581552863126
844,2876.3157605230813
845,2901.2548742294316
846,2902.2827646732335
847,2900.48395639658
848,2905.623669236899
849,2914.359956145287
850,2910.2491762340073
851,2901.7688194513325
852,2881.7163552939896
853,2912.5616691112523
854,2900.740407764912
855,2837.201975047589
856,2855.991728961468
857,2834.8845303654675
858,2842.6083034873013
859,2770.4651976227765
860,2804.2339006662373
861,2819.690829277039
862,2838.746938169003
863,2827.6747024655347
864,2805.2641367018227
865,2830.7651499509816
866,2825.356997162104
867,2778.458974421025
868,2792.379019171
869,2795.214057773352
870,2766.597056150437
871,2748.025181651116
872,2750.604811370373
873,2713.6990096271043
874,2696.1393882930283
875,2758.3437005281453
876,2785.4196483492856
877,2810.674895703793
878,2841.578328073025
879,2855.2197686433797
880,2851.6169396638875
881,2842.865536719561
882,2851.8741728961472
883,2857.5356495976453
884,2857.0209225118165
885,2885.83052328229
886,2895.342940449715
887,2922.5804734826092
888,2925.149157106877
889,2915.644297957421
890,2885.5738112926488
891,2884.2879057526593
892,2893.5430896878247
893,2899.9694899320607
894,2929.2578520476823
895,2933.623519599438
896,2965.1904938220982
897,2966.4735325276856
898,2955.6981444954877
899,2944.148971796036
900,2943.6360690593724
901,2961.0862294435506
902,2963.651785612107
903,2979.8095249235635
904,2981.347451269627
905,2975.193400293589
906,2955.6981444954877
907,2959.5469999909405
908,2953.6454910635953
909,2949.7958537042146
910,2971.090439021588
911,2984.424085825682
912,2969.551470190287
913,2993.1392624080186
914,2988.012580633164
915,2975.193400293589
916,2958.0075099170213
917,2922.323761492968
918,2898.941599488259
919,2809.1288900971417
920,2841.0636009871964
921,2847.7560955882077
922,2899.4555447101598
923,2892.7724324762826
924,2844.152745366097
925,2887.630113422871
926,2805.0066428482537
927,2810.932389557362
928,2851.6169396638875
929,2891.229814946652
930,2870.3996568024163
931,2886.3449897468095
932,2890.2014032602315
933,2807.3253906369214
934,2827.1597147583966
935,2832.0526192188267
936,2846.2119143307214
937,2886.3449897468095
938,2883.5164666771893
939,2860.1087637841706
940,2865.512225389481
941,2899.71251732111
942,2942.352248489857
943,2944.4059444069867
944,2941.582373142243
945,2933.3665469884877
946,2959.803190737963
947,2980.065715670586
948,2973.654952704907
949,2962.1125561594968
950,2970.06463354826
951,2971.8597931265836
952,2973.398501336575
953,2959.5469999909405
954,2959.29002737999
955,2924.635211884976
956,2951.078892409802
957,2943.892259806395
958,2919.7550778687005
959,2942.0957971215253
960,2905.1094633936887
961,2851.102473199368
962,2862.939371824265
963,2909.2212857902055
964,2902.539737284184
965,2859.3370640873914
966,2878.887310981751
967,2896.3710915148263
968,2943.12264508009
969,2927.203374266625
970,2959.033576011658
971,2950.0525656938557
972,2961.3426808118825
973,2952.619164347649
974,2968.0125013589864
975,2961.8558441698556
976,2962.3687469065194
977,2969.807921558619
978,2984.6807978153233
979,3002.3642142713074
980,2998.008450329304
981,3006.46300560236
982,2992.883071660996
983,3025.6707960963254
984,3038.9802051186566
985,3040.00392562151
986,3035.6536347270016
987,3043.5859048962598
988,3053.051149606705
989,3047.935153305531
990,3053.3070797324185
991,3058.6774424314503
992,3060.211720079184
993,3079.1270934641366
994,3083.981947213412
995,3087.047635674477
996,3071.4598751664166
997,3068.137214094401
998,3072.993892192841
999,3095.476128816605
1000,3103.6468674838547
1001,3117.6844524443154
1002,3116.1535628736024
1003,3109.518404960633
1004,3085.003582745791
1005,3053.051149606705
1006,3080.660328626633
1007,3083.981947213412
1008,3115.3878574669366
1009,3104.6682423949246
1010,3097.2639909982686
1011,3105.94476556778
1012,3136.049654245377
1013,3136.8143171668057
1014,3161.280403196812
1015,3161.280403196812
1016,3164.5913363099103
1017,3171.721935331822
1018,3189.538268655539
1019,3190.810882508755
1020,3191.0647276639943
1021,3202.2568491697316
1022,3203.782526314259
1023,3186.9938228130345
1024,3192.0827144980435
1025,3215.9850766360764
1026,3202.2568491697316
1027,3206.3251478075986
1028,3205.562569856644
1029,3229.1967526674275
1030,3238.0860242843632
1031,3228.43521720171
1032,3250.0162253379826
1033,3249.5085350275044
1034,3250.2700704932217
1035,3279.181834816933
1036,3291.09118616581
1037,3291.343988835812
1038,3287.7974540591244
1039,3287.544130146504
1040,3289.824305981398
1041,3253.315169870854
1042,3210.6470309793954
1043,3245.448055028916
1044,3243.670878320933
1045,3241.6403777003293
1046,3186.48482939601
1047,3214.9683929085736
1048,3264.223735392094
1049,3298.9421424865727
1050,3309.5749706625943
1051,3295.9027767777447
1052,3312.3589274883275
1053,3326.0196540355687
1054,3344.979333043099
1055,3339.419238030911
1056,3341.441659390927
1057,3354.830818533898
1058,3337.9029432535176
1059,3354.326255679131
1060,3339.1666959822182
1061,3297.4229808747773
1062,3197.93314164877
1063,3091.1346990466122
1064,3087.047635674477
1065,2967.7560499906544
1066,2834.627557754517
1067,3005.951405972243
1068,2981.090999901295
1069,3072.227144300938
1070,2974.167334198952
1071,2903.053682506085
1072,2731.5101305246358
1073,2800.8833531141286
1074,2696.1393882930283
1075,2451.118088722229
1076,2546.9375980496407
1077,2396.963847488165
1078,2466.920470878482
1079,2267.9006567448378
1080,2387.634647101164
1081,2259.349020034075
1082,2150.2873419821262
1083,2373.6404555886984
1084,2477.7999771237373
1085,2535.5474043488503
1086,2513.539759129286
1087,2567.9017155468464
1088,2536.841910392046
1089,2390.2261350899935
1090,2456.5581676214933
1091,2408.8841449320316
1092,2596.621662586928
1093,2640.0677560865884
1094,2694.073703795672
1095,2748.025181651116
1096,2720.6693265438084
1097,2802.4301405847077
1098,2740.2842075228696
1099,2750.3467962741856
1100,2819.948062509299
1101,2787.2239296734338
1102,2704.4034293890004
1103,2766.8550712466244
1104,2759.6332547664647
1105,2798.82209917903
1106,2847.7560955882077
1107,2835.6570119261746
1108,2914.8741619884972
1109,2866.5408976972108
1110,2787.9971930980687
1111,2800.110350310803
1112,2829.7351745367055
1113,2815.827118366957
1114,2838.231950461865
1115,2890.7156091034417
1116,2899.4555447101598
1117,2845.1821995377545
1118,2767.1128257215028
1119,2798.82209917903
1120,2812.2203800678258
1121,2930.798645228148
1122,2901.2548742294316
1123,2939.271965235472
1124,2919.7550778687005
1125,2915.644297957421
1126,2960.3166147172456
1127,2961.8558441698556
1128,2994.677188754082
1129,3007.2318384647374
1130,3008.0006713271146
1131,3025.6707960963254
1132,3036.6770946085458
1133,3099.8170373439793
1134,3072.7379620671277
1135,3164.5913363099103
1136,3198.6967620849614
1137,3190.0472620725636
1138,3178.8504493832593
1139,2993.395453155041
1140,2996.7272359728818
1141,3024.9024844765668
1142,3086.7922267913823
1143,3083.470868825913
1144,3079.893320113421
1145,3084.237616717816
1146,3086.7922267913823
1147,3113.0910018682484
1148,3035.9093042314057
1149,3049.4702128171925
1150,2990.832503199578
1151,3010.8179876804356
1152,3066.0921186804776
1153,3098.5410354137425
1154,3111.049294531346
1155,3100.072446227074
1156,3150.070038199425
1157,3129.1642998754983
1158,3139.6193843185906
1159,3124.062898367644
1160,3156.1852566003804
1161,3148.0309370756154
1162,3164.336448669434
1163,3205.816936254502
1164,3191.828608721495
1165,3209.6303472518925
1166,3233.7688322961335
1167,3237.3239675760274
1168,3253.061585336924
1169,3212.426813900471
1170,3190.3016284704213
1171,3218.5261344015603
1172,3201.494271218777
1173,3239.100883662701
1174,3224.370567262173
1175,3233.7688322961335
1176,3279.6887432634835
1177,3279.435419350863
1178,3303.7526906132703
1179,3327.284188628197
1180,3330.824468493462
1181,3339.672040700913
1182,3324.5023167729382
1183,3366.9499700367455
1184,3357.8613231182103
1185,3349.5261324048047
1186,3368.464440464974
1187,3375.530405402184
1188,3366.1926045119767
1189,3373.7641747891907
1190,3380.0712104737763
1191,3411.577459931374
1192,3427.689069271088
1193,3461.128868222237
1194,3478.45419099927
1195,3495.5123769342904
1196,3495.5123769342904
1197,3509.048005253077
1198,3572.829597651959
1199,3434.985162824393
1200,3417.6204862296586
1201,3422.151908934117
1202,3334.869311213494
1203,3398.728308141232
1204,3338.9141539335255
1205,3330.824468493462
1206,3381.0800755620007
1207,3381.5843777954583
1208,3385.1155359148984
1209,3337.1445352435117
1210,3311.3466743230824
1211,3252.2997892498975
1212,3303.4998879432683
1213,3234.276783227921
1214,3230.46702092886
1215,3284.503721952439
1216,3342.9574329257016
1217,3326.778583288193
1218,3345.2316144704823
1219,3359.1237727403645
1220,3348.0111407339577
1221,3394.6964964866643
1222,3355.5887053012852
1223,3410.8221793770795
1224,3435.7396615147595
1225,3463.891975343228
1226,3529.8333365321164
1227,3512.0545326769357
1228,3489.242870718241
1229,3478.45419099927
1230,3483.7239538729195
1231,3420.641869068146
1232,3447.3070777058606
1233,3433.4761654436593
1234,3448.3128153383736
1235,3454.3448955416684
1236,3382.0892012715344
1237,3391.418922901154
1238,3279.9425884187226
1239,3313.6237227022652
1240,3243.670878320933
1241,3283.9970741271977
1242,3370.48321312666
1243,3437.249440759421
1244,3499.7750990688805
1245,3508.7975481748585
1246,3584.0618548393254
1247,3544.8435602188115
1248,3564.0883589386945
1249,3520.5703339576726
1250,3588.053530812264
1251,3614.2264257967477
1252,3605.007989466191
1253,3577.073555052281
1254,3580.068615138531
1255,3565.3377774953847
1256,3575.825178980828
1257,3628.667191922665
1258,3628.667191922665
1259,3617.4646455645566
1260,3636.629172921181
1261,3614.724994361401
1262,3658.505204379559
1263,3666.949334800244
1264,3663.969390749932
1265,3693.9921837151055
1266,3681.3450134396558
1267,3700.4355243444447
1268,3671.666580498219
1269,3670.1768690943723
1270,3661.2375581860547
1271,3650.056382775307
1272,3690.0250061452393
1273,3707.125152111054
1274,3718.762414813042
1275,3696.223362743855
1276,3685.065903872252
1277,3683.3291234672074
1278,3702.913772374392
1279,3700.1879341006284
1280,3735.336887598038
1281,3731.1330658793454
1282,3732.864112615586
1283,3745.470886588097
1284,3698.2056484222417
1285,3728.1645891666417
1286,3752.635366380215
1287,3806.6308892369275
1288,3819.6697733402257
1289,3793.8270855546
1290,3800.4768382608895
1291,3812.782594621182
1292,3804.661634624005
1293,3768.434490770102
1294,3775.094928950072
1295,3801.21543905139
1296,3856.0207123160367
1297,3857.4927014708524
1298,3849.886468559504
1299,3845.7136607766156
1300,3853.321718037129
1301,3739.292597830296
1302,3796.5370259284978
1303,3722.474704742432
1304,3777.807214915753
1305,3830.977089464665
1306,3834.6627960205083
1307,3860.4356372952466
1308,3881.756545364857
1309,3904.512955605984
1310,3914.5338449478154
1311,3901.823083072901
1312,3908.180418670178
1313,3926.012649893761
1314,3953.573353350163
1315,3933.3353268206124
1316,3929.67463991046
1317,3919.9081169664864
1318,3910.379541277886
1319,3883.71485388279
1320,3889.5903006792073
1321,3923.5711494684224
1322,3833.1887218952184
1323,3840.5575287938123
1324,3904.023769408465
1325,3884.9392527937894
1326,3838.3474600911145
1327,3772.874696016312
1328,3847.9226869940762
1329,3847.4321976900105
1330,3886.898082554341
1331,3905.4908067584042
1332,3942.8485258519654
1333,3944.554813563824
1334,3955.5228007435803
1335,3967.9424486160283
1336,3970.8629710078244
1337,3920.152319133282
1338,3927.7212831974034
1339,3944.554813563824
1340,3910.379541277886
1341,3904.7568971514706
1342,3917.2211112678056
1343,3951.624166578055
1344,3974.7566533684735
1345,3963.073521316052
1346,3983.0261675119405
1347,4012.1735334992413
1348,4076.0789210200314
1349,4071.490422248841
1350,4077.2871614098553
1351,4095.1433697938924
1352,4118.5138038396835
1353,4127.41740962863
1354,4140.400520771742
1355,4124.770800232887
1356,4167.7668007314205
1357,4185.2604848742485
1358,4158.891342043877
1359,4136.073946416378
1360,4168.965398132801
1361,4133.669975459576
1362,4184.3021803200245
1363,4186.457257926464
1364,4188.612596154213
1365,4187.175530254841
1366,4207.033049672842
1367,4176.157503783703
1368,4191.96366494894
1369,4150.009367823601
1370,4168.246604561806
1371,4186.217746943235
1372,4229.484272360802
1373,4202.968660354614
1374,4143.28403493762
1375,4072.2149494886403
1376,4133.189389765263
1377,4174.958645761013
1378,4161.5309146642685
1379,4153.130568623543
1380,4102.85828179121
1381,4165.8483672738075
1382,4159.851470947266
1383,4204.163869678974
1384,4190.288130551577
1385,4196.270692706108
1386,4201.533679425716
1387,4212.291084587574
1388,4195.55294162035
1389,4202.490159630775
1390,4204.881099522114
1391,4197.467205137014
1392,4231.631791949272
1393,4223.995066344738
1394,4231.154854953289
1395,4222.084190905094
1396,4238.548681497574
1397,4241.886719226837
1398,4246.415275096893
1399,4249.037125468254
1400,4232.109250187874
1401,4231.39358407259
1402,4187.415301859379
1403,4223.517086863518
1404,4250.227643609047
1405,4249.513019979
1406,4267.130238622427
1407,4279.970789909363
1408,4287.810278892517
1409,4290.6604335308075
1410,4298.018554955721
1411,4315.3287616968155
1412,4348.930667102337
1413,4347.512365937233
1414,4340.420860111713
1415,4356.725329220295
1416,4313.43300229311
1417,4364.0435755848885
1418,4379.373320996761
1419,4371.357130765915
1420,4371.121007859707
1421,4353.183485627174
1422,4326.224296152592
1423,4244.985506594181
1424,4329.301451951265
1425,4351.292938649654
1426,4362.62683814764
1427,4407.385941803455
1428,4412.792791485786
1429,4389.50367128849
1430,4404.094294667244
1431,4416.787855535746
1432,4388.79738754034
1433,4384.557078838348
1434,4412.792791485786
1435,4403.859214246273
1436,4417.727134734392
1437,4427.119926720858
1438,4428.293504476547
1439,4428.997182011604
1440,4438.146553695202
1441,4453.1442675590515
1442,4458.061670422554
1443,4466.017917752266
1444,4434.394128084183
1445,4419.136314153671
1446,4405.505559056997
1447,4439.78794670105
1448,4477.707825958729
1449,4481.680215954781
1450,4493.588003575802
1451,4466.719510316849
1452,4503.618014663458
1453,4522.486736834049
1454,4515.967555403709
1455,4516.433546304703
1456,4521.788792967796
1457,4529.235265016556
1458,4537.838374435902
1459,4514.803099393845
1460,4505.716276824474
1461,4499.186931163073
1462,4464.146135509014
1463,4458.061670422554
1464,4439.78794670105
1465,4483.548870742321
1466,4475.137317985296
1467,4437.677695959806
1468,4345.384653568268
1469,4374.65816026926
1470,4401.977528393269
1471,4453.1442675590515
1472,4458.295968979597
1473,4448.460381388664
1474,4367.818935871124
1475,4371.121007859707
1476,4334.271239697933
1477,4366.403501540422
1478,4309.403796851635
1479,4362.62683814764
1480,4356.961973369122
1481,4403.388532161713
1482,4397.036669611931
1483,4374.65816026926
1484,4350.111542254686
1485,4363.335728108883
1486,4434.394128084183
1487,4469.058325946331
1488,4480.511590003967
1489,4509.677981346846
1490,4527.1409121751785
1491,4538.768010646105
1492,4538.768010646105
1493,4559.202024400234
1494,4576.355597734451
1495,4557.3461400568485
1496,4576.818982422352
1497,4589.78176510334
1498,4599.493557572365
1499,4619.3534225821495
1500,4645.852354824543
1501,4655.973843991756
1502,4681.2361281216145
1503,4683.53037750721
1504,4669.072149753571
1505,4630.652659446001
1506,4640.788222163916
1507,4670.22044724226
1508,4667.005422770977
1509,4692.0125586390495
1510,4680.5483484864235
1511,4690.866346120834
1512,4684.218157142401
1513,4695.677936732769
1514,4675.500113725662
1515,4686.740971416235
1516,4694.990678340197
1517,4578.440046966076
1518,4652.755170822144
1519,4574.96544367075
1520,4556.88197350502
1521,4587.930832564831
1522,4513.8716388344765
1523,4593.944929897785
1524,4667.464637517929
1525,4685.135804772377
1526,4667.923852264881
1527,4692.928903162479
1528,4673.664297223091
1529,4627.8869461119175
1530,4681.2361281216145
1531,4663.789355814457
1532,4625.581229388714
1533,4555.721687436104
1534,4628.116814106703
1535,4675.730242341757
1536,4720.160181283951
1537,4765.312823116779
1538,4772.136931478977
1539,4778.956348657608
1540,4769.407705128193
1541,4764.17547172308
1542,4767.81530892849
1543,4780.092396944761
1544,4706.210165083408
1545,4687.198361814022
1546,4673.664297223091
1547,4640.55861479044
1548,4695.9070228636265
1549,4710.785632789135
1550,4658.963170409203
1551,4652.755170822144
1552,4654.365549892187
1553,4570.331596791744
1554,4554.329448401928
1555,4508.512482851744
1556,4424.0683118104935
1557,4378.430132478476
1558,4382.908388435841
1559,4354.127456009388
1560,4355.308591783047
1561,4412.792791485786
1562,4498.2536462545395
1563,4540.394808858633
1564,4587.005626916885
1565,4491.721694380045
1566,4523.185201942921
1567,4493.354226261377
1568,4520.624597579241
1569,4579.366295099258
1570,4499.88669937849
1571,4421.720374435186
1572,4417.962475776672
1573,4467.187586188316
1574,4488.919754683971
1575,4402.448210477829
1576,4373.243507802486
1577,4313.43300229311
1578,4329.775000870228
1579,4252.371775120497
1580,4289.473042845726
1581,4392.093725860119
1582,4360.739418625832
1583,4314.618308007717
1584,4408.796945571899
1585,4367.818935871124
1586,4330.958221614361
1587,4244.032153844833
1588,4207.7508007586
1589,4313.196097522974
1590,4276.880603045225
1591,4241.886719226837
1592,4203.685368955135
1593,4287.573113501072
1594,4350.348447024822
1595,4422.893952190876
1596,4476.306204557419
1597,4460.168011844158
1598,4526.443489551544
1599,4484.950492143631
1600,4521.090327858925
1601,4534.815688490868
1602,4573.575810849667
1603,4635.721222668886
1604,4596.25742277503
1605,4568.245583832264
1606,4534.35126131773
1607,4583.302198112011
1608,4535.746106564999
1609,4498.020650804043
1610,4530.630631506443
1611,4515.967555403709
1612,4437.677695959806
1613,4412.557971686125
1614,4469.759657889605
1615,4425.476188123226
1616,4399.154478371143
1617,4480.044556617737
1618,4486.351071059704
1619,4419.606474995613
1620,4328.828684896231
1621,4321.96209526062
1622,4224.7112537026405
1623,4226.85903391242
1624,4315.3287616968155
1625,4185.978757202625
1626,4163.209837138653
1627,4196.988704413176
1628,4322.199260652065
1629,4161.770425647497
1630,4156.011476576328
1631,4033.9943132400517
1632,4033.02428072691
1633,3983.998806238175
1634,3945.7745212912564
1635,4063.032218277455
1636,4047.311019659043
1637,4123.086665332317
1638,3964.047723770142
1639,3955.0359601378445
1640,3931.138549804688
1641,4005.621253162623
1642,3987.645419597626
1643,4028.1782881021504
1644,4107.91798388958
1645,4185.738724976778
1646,4214.919711112976
1647,4180.948765933514
1648,4159.611178100109
1649,4201.294950306416
1650,4144.725270777941
1651,4159.851470947266
1652,4196.270692706108
1653,4161.290882438421
1654,4078.0111674070363
1655,3966.725347101689
1656,3790.871118664742
1657,3788.653231322766
1658,3849.1496921181683
1659,3708.3636245727544
1660,3736.07861584425
1661,3764.4858173131947
1662,3822.128735393286
1663,3817.9481089711194
1664,3842.0310816764836
1665,3948.455532699824
1666,3951.3804856538777
1667,3874.6520084738736
1668,3865.8294559121136
1669,3831.7146477699284
1670,3876.3676785528664
1671,3860.4356372952466
1672,3873.917317003012
1673,3908.180418670178
1674,3948.6997348666196
1675,3954.791757971049
1676,3899.377412706614
1677,3858.7186641097073
1678,3855.284978359938
1679,3838.5929653644566
1680,3904.023769408465
1681,3875.3880030512814
1682,3985.457243084908
1683,4012.1735334992413
1684,4034.9627820253377
1685,3998.0937278866772
1686,4000.7650963068013
1687,3965.2648252844815
1688,4078.4938380718236
1689,4111.2899023890495
1690,4177.355319321156
1691,4157.451148688793
1692,4145.686442166567
1693,4204.881099522114
1694,4185.499474614859
1695,4177.355319321156
1696,4181.667559504509
1697,4158.891342043877
1698,4246.415275096893
1699,4240.694637358189
1700,4307.744160354137
1701,4329.064807802439
1702,4336.163611024618
1703,4312.011052429676
1704,4323.14635848999
1705,4264.274871557951
1706,4169.445201963186
1707,4174.718874156475
1708,4187.894323825836
1709,4225.4269198179245
1710,4105.508800506592
1711,4091.284610688687
1712,4031.5710563063626
1713,4022.1183214187627
1714,3991.048091411591
1715,3951.3804856538777
1716,3980.3511503934865
1717,3958.689349651337
1718,4025.269493669272
1719,4044.890108317137
1720,4133.189389765263
1721,4164.888759613037
1722,3991.290469229222
1723,3990.804671108723
1724,3958.933551818133
1725,3936.0189444422726
1726,3960.3945948779588
1727,3929.1859749555592
1728,3867.3006632030015
1729,3839.8204917311673
1730,3754.8582055270676
1731,3729.89641776681
1732,3708.116034328938
1733,3794.31965982914
1734,3700.932007938624
1735,3670.1768690943723
1736,3746.7064922153954
1737,3840.8032946884637
1738,3856.510940998793
1739,3811.306435525418
1740,3808.3533354699616
1741,3695.231438040734
1742,3683.576974332333
1743,3648.8137403726582
1744,3650.3050155043607
1745,3733.111442238093
1746,3651.796030014754
1747,3745.470886588097
1748,3777.067571640015
1749,3745.9655458331113
1750,3721.9795242547993
1751,3814.258753716946
1752,3858.7186641097073
1753,3916.732706934214
1754,3896.930960476399
1755,3872.6926574707036
1756,3955.0359601378445
1757,3936.507088154555
1758,3960.6380151808266
1759,3937.9704768061642
1760,3846.695681869984
1761,3803.9232944548135
1762,3849.1496921181683
1763,3892.526981592179
1764,3911.3568711876874
1765,3833.679993063212
1766,4047.311019659043
1767,4073.4226686358456
1768,4050.2146016657357
1769,4070.52377781272
1770,4049.730627894402
1771,4037.3847358524804
1772,4047.0683812201028
1773,4033.02428072691
1774,4084.7706416845326
1775,4112.735308170319
1776,4116.8286264538765
1777,4106.231764018536
1778,4045.8588377237324
1779,4037.626853048802
1780,4164.169444799423
1781,4150.249139428139
1782,4137.275931894779
1783,4079.9426319301133
1784,4019.6932401359086
1785,4009.2616116106515
1786,4038.5958430767064
1787,4007.805520355702
1788,4061.340785980225
1789,4093.9377356171613
1790,4079.218365311623
1791,3966.725347101689
1792,3917.710297465325
1793,3888.1219602227216
1794,3899.6221361160283
1795,3958.689349651337
1796,3893.9953220486645
1797,3914.0451799929147
1798,3902.067285239697
1799,3857.24719619751
1800,3915.0227705240254
1801,3913.800977826119
1802,3889.5903006792073
1803,3916.97690910101
1804,3879.3069656789307
1805,3958.4459293484692
1806,3958.2025090456013
1807,3985.2140834033494
1808,4034.720404207707
1809,4044.890108317137
1810,4060.61469501257
1811,4051.666522979737
1812,4050.940692633391
1813,3989.589654564858
1814,3964.777463436127
1815,4030.6015450358395
1816,4078.0111674070363
1817,4079.701557219029
1818,4070.765634387732
1819,4107.677169799805
1820,4123.327218800783
1821,4080.667419791222
1822,4125.012135565281
1823,4179.5117000341415
1824,4200.815928339958
1825,4182.865375041962
1826,4161.050850212574
1827,4202.250909268856
1828,4169.924484550953
1829,4136.554532110691
1830,4138.237624526024
1831,4186.217746943235
1832,4178.073591649532
1833,4195.792191982269
1834,4134.63192871213
1835,4125.012135565281
1836,4115.383741915226
1837,4049.730627894402
1838,4050.4561976194386
1839,4056.9876282513146
1840,4017.5105366706853
1841,4033.9943132400517
1842,4012.6588103771214
1843,4004.4070184826855
1844,4025.7550311684613
1845,4092.9729155302052
1846,4094.1788103282456
1847,4032.2979291379456
1848,4040.5327806472783
1849,3963.5601013004784
1850,3924.5479581356053
1851,3908.9132857918744
1852,3966.481926798821
1853,3938.21467897296
1854,4006.106530040503
1855,4056.745511054993
1856,4048.5208237767224
1857,4098.2781229019165
1858,4122.364744305611
1859,4176.636004507542
1860,4190.0491408109665
1861,4170.404027760029
1862,4152.650504171848
1863,4168.246604561806
1864,4176.396754145622
1865,4175.43766772747
1866,4155.291119277477
1867,4204.641849160194
1868,4207.511289775372
1869,4212.291084587574
1870,4214.441471010447
1871,4209.184478580952
1872,4190.288130551577
1873,4189.8093692064285
1874,4214.919711112976
1875,4170.644320607185
1876,4135.112514406443
1877,4114.180713951588
1878,4185.738724976778
1879,4188.133574187756
1880,4172.561450958252
1881,4189.330347239971
1882,4182.146581470966
1883,4169.445201963186
1884,4185.499474614859
1885,4165.129052460194
1886,4206.7945811748505
1887,4249.274812102318
1888,4232.824395060539
1889,4241.886719226837
1890,4195.55294162035
1891,4187.415301859379
1892,4195.074440896511
1893,4252.847930252552
1894,4247.606835722923
1895,4223.278357744217
1896,4264.751026690006
1897,4318.8831151127815
1898,4310.825746715069
1899,4322.199260652065
1900,4304.18667948246
1901,4327.8813264369965
1902,4334.034334927797
1903,4415.378154873848
1904,4440.725662171841
1905,4447.053808182478
1906,4487.052142381668
1907,4479.110489845276
1908,4469.058325946331
1909,4452.44215375185
1910,4433.220810949802
1911,4447.522144675255
1912,4413.028132528067
1913,4400.095321297646
1914,4437.677695959806
1915,4445.179159104824
1916,4457.359035372734
1917,4501.052197873592
1918,4509.910716176033
1919,4508.512482851744
1920,4500.586467593908
1921,4465.783358573914
1922,4459.4656374156475
1923,4466.251434445381
1924,4491.487395823002
1925,4526.209972858429
1926,4554.09697419405
1927,4550.1501250863075
1928,4563.840823084116
1929,4594.407532721758
1930,4606.194652676582
1931,4578.902910411358
1932,4576.818982422352
1933,4594.870135545731
1934,4594.1766222417355
1935,4595.563909471035
1936,4606.194652676582
1937,4577.050414144993
1938,4616.123021453619
1939,4623.505120038986
1940,4608.504278719425
1941,4595.332998991013
1942,4587.468490362167
1943,4562.913011223078
1944,4579.597726821899
1945,4557.113405227661
1946,4548.5254118442535
1947,4569.868212103844
1948,4518.762197703123
1949,4487.752171218395
1950,4449.163016438484
1951,4450.568286538124
1952,4478.175641208887
1953,4468.8245486319065
1954,4540.1628558933735
1955,4453.378826737404
1956,4480.979405254126
1957,4510.609702527523
1958,4570.563810378313
1959,4588.625127732754
1960,4580.0611115098
1961,4581.219312608242
1962,4563.608609497547
1963,4534.815688490868
1964,4523.185201942921
1965,4529.235265016556
1966,4552.239786744118
1967,4530.164901226759
1968,4537.838374435902
1969,4571.026673823595
1970,4577.050414144993
1971,4561.98519936204
1972,4518.063732594252
1973,4516.433546304703
1974,4522.253741383553
1975,4512.707182824612
1976,4520.624597579241
