,Actual
0,1851.4368660821729
1,1804.5823878287777
2,1835.6516675262164
3,1790.049982809008
4,1791.0522176379577
5,1796.0633917827058
6,1776.519812618188
7,1787.0432783221595
8,1817.1103231906482
9,1786.5421609076845
10,1814.604736118274
11,1792.305011174145
12,1802.828476878116
13,1844.671780986763
14,1856.9491576413961
15,1814.604736118274
16,1822.622614749871
17,1827.1326714801446
18,1788.2960718583463
19,1765.9963469142172
20,1766.7480230359295
21,1766.9985817431666
22,1751.965059308922
23,1775.5175777892384
24,1803.3295942925909
25,1807.338533608389
26,1840.913400378202
27,1832.6449630393674
28,1831.8932869176551
29,1859.2041860065326
30,1838.9089307203028
31,1842.4167526216265
32,1863.7142427368062
33,1865.468153687468
34,1854.6941292762592
35,1889.521789582259
36,1899.0430204572804
37,1908.3136926250645
38,1917.0832473783737
39,1915.830453842187
40,1898.5419030428059
41,1904.5553120165036
42,1903.5530771875535
43,1939.1324136152657
44,1940.385207151453
45,1930.8639762764315
46,1947.6514096613375
47,1962.684932095582
48,1967.9466649475676
49,1967.9466649475676
50,1968.948899776517
51,1955.418729585697
52,1952.913142513323
53,1957.9243166580711
54,1972.9578390923157
55,1985.4857744541862
56,1981.2262764311504
57,1993.253094378546
58,1982.7296286745745
59,1966.1927539969058
60,1985.4857744541862
61,1959.6782276087329
62,1964.4388430462438
63,1963.6871669245315
64,1981.2262764311504
65,2002.7743252535672
66,2004.7787949114663
67,2001.0204143029055
68,2015.8033780299122
69,2021.0651108818977
70,2024.3223740759843
71,2013.548349664776
72,2011.293321299639
73,2006.532705862128
74,2012.7966735430637
75,2020.5639934674232
76,1997.5125924015817
77,1986.9891266976103
78,2004.5282362042292
79,1981.4768351383875
80,1974.7117500429777
81,1971.4544868488913
82,1975.46342616469
83,1982.2285112600998
84,2006.0315884476536
85,1988.2419202337976
86,1988.99359635551
87,1970.9533694344166
88,1991.499183427884
89,1969.4500171909922
90,1966.1927539969058
91,1963.1860495100566
92,1974.7117500429777
93,1975.713984871927
94,2002.52376654633
95,2017.3067302733368
96,2016.5550541516245
97,2023.0695805397975
98,2029.8346656352073
99,2021.3156695891355
100,2026.076285026646
101,2028.832430806258
102,2027.3290785628333
103,2037.8525442668042
104,2038.6042203885165
105,2045.6198641911637
106,2043.1142771187897
107,2020.313434760186
108,2007.5349406910782
109,2003.0248839608046
110,2002.2732078390923
111,2007.5349406910782
112,1998.5148272305314
113,2016.3044954443874
114,2018.0584063950491
115,2014.5505844937254
116,2036.8503094378548
117,1968.948899776517
118,1928.859506618532
119,1960.680462437683
120,1997.0114749871068
121,2021.3156695891355
122,2031.8391352931064
123,2036.8503094378548
124,2019.0606412239988
125,2028.58187209902
126,2026.577402441121
127,2057.396123431322
128,2068.6712652570054
129,2081.9508767405882
130,2083.955346398487
131,2094.4788121024585
132,2092.223783737322
133,2098.4877514182567
134,2092.975459859034
135,2105.5033952209046
136,2093.7271359807464
137,2105.753953928142
138,2097.7360752965446
139,2099.4899862472066
140,2101.494455905106
141,2103.7494842702426
142,2106.004512635379
143,2100.2416623689187
144,2088.465403128761
145,2091.7226663228466
146,2096.7338404675947
147,2114.523508681451
148,2111.7673629018395
149,2114.0223912669762
150,2106.505630049854
151,2121.5391524840984
152,2118.2818892900123
153,2125.548091799897
154,2115.5257435104004
155,2117.029095753825
156,2120.2863589479116
157,2118.5324479972496
158,2117.5302131683
159,2122.7919460202856
160,2107.5078648788035
161,2107.006747464329
162,2104.2506016847174
163,2115.5257435104004
164,2111.2662454873644
165,2106.505630049854
166,2103.498925563005
167,2115.5257435104004
168,2115.776302217638
169,2119.534682826199
170,2120.7874763623863
171,2118.5324479972496
172,2069.6735000859553
173,2098.7383101254945
174,2062.156738868833
175,2060.903945332646
176,2085.4586986419117
177,2075.4363503524155
178,2076.6891438886028
179,2078.944172253739
180,2099.2394275399693
181,2114.523508681451
182,2102.246132026818
183,2082.201435447825
184,2096.2327230531205
185,2105.252836513667
186,2092.474342444559
187,2110.5145693656523
188,2098.2371927110194
189,2088.214844421523
190,2097.7360752965446
191,2097.9866340037825
192,2091.9732250300844
193,2100.7427797833934
194,2073.431880694516
195,2077.691378717552
196,2071.1768523293795
197,2074.684674230703
198,2063.40953240502
199,2077.440820010315
200,2083.7047876912497
201,2077.691378717552
202,2077.691378717552
203,2087.7137270070484
204,2080.4475244971636
205,2077.9419374247896
206,2071.1768523293795
207,2064.4117672339694
208,2065.1634433556815
209,2046.371540312876
210,2039.606455217466
211,2023.3201392470346
212,2025.8257263194087
213,2064.4117672339694
214,2082.9531115695377
215,2104.2506016847174
216,2107.758423586041
217,2101.7450146123433
218,2102.7472494412928
219,2120.2863589479116
220,2117.029095753825
221,2127.0514440433217
222,2125.798650507134
223,2136.82323362558
224,2144.59055354994
225,2144.8411122571774
226,2149.6017276946877
227,2155.114019253911
228,2142.836642599278
229,2146.0939057933642
230,2146.0939057933642
231,2131.5615007735946
232,2134.0670878459687
233,2147.0961406223137
234,2152.1073147670622
235,2182.6754770500256
236,2190.442796974385
237,2201.216821385594
238,2198.961793020457
239,2218.2548134777376
240,2202.7201736290185
241,2207.4807890665293
242,2198.961793020457
243,2206.4785542375794
244,2214.4964328691763
245,2211.740287089565
246,2204.2235258724427
247,2207.230230359292
248,2213.995315454702
249,2193.1989427539966
250,2192.4472666322845
251,2179.6687725631773
252,2196.205647240846
253,2215.4986676981266
254,2210.487493553378
255,2223.7671050369604
256,2215.4986676981266
257,2215.999785112601
258,2216.7514612343134
259,2213.995315454702
260,2219.758165721162
261,2214.9975502836514
262,2209.9863761389033
263,2214.9975502836514
264,2206.4785542375794
265,2212.7425219185147
266,2210.7380522606154
267,2226.0221334020976
268,2243.5612429087155
269,2240.053421007392
270,2236.796157813306
271,2221.7626353790615
272,2222.5143115007736
273,2225.77157469486
274,2224.76933986591
275,2242.0578906652913
276,2235.5433642771186
277,2236.044481691594
278,2240.805097129104
279,2254.3352673199242
280,2262.603704658759
281,2275.3821987278666
282,2283.6506360667013
283,2296.6796888430463
284,2293.171866941723
285,2294.6752191851474
286,2301.9414216950317
287,2313.216563520715
288,2309.9593003266286
289,2310.9615351555785
290,2311.4626525700533
291,2318.4782963727007
292,2309.7087416193913
293,2348.294782533952
294,2330.0039969056215
295,2330.7556730273336
296,2327.24785112601
297,2314.7199157641394
298,2311.4626525700533
299,2313.9682396424273
300,2319.981648616125
301,2322.4872356884994
302,2314.2187983496647
303,2336.7690820010316
304,2329.753438198384
305,2328.2500859549596
306,2323.7400292246866
307,2292.1696321127733
308,2296.6796888430463
309,2291.9190734055355
310,2296.9302475502836
311,2292.6707495272476
312,2309.207624204917
313,2309.207624204917
314,2316.9749441292765
315,2315.9727093003266
316,2307.203154547017
317,2307.453713254255
318,2303.4447739384564
319,2305.9503610108304
320,2304.948126181881
321,2306.451478425305
322,2297.6819236719957
323,2292.1696321127733
324,2279.1405793364274
325,2295.1763365996217
326,2291.668514698298
327,2283.9011947739386
328,2308.2053893759667
329,2300.18751074437
330,2324.742264053636
331,2339.2746690734057
332,2338.2724342444562
333,2336.7690820010316
334,2331.7579078562835
335,2341.5296974385424
336,2337.019640708269
337,2336.017405879319
338,2337.771316829981
339,2344.285843218154
340,2345.037519339866
341,2342.030814853017
342,2347.7936651194773
343,2344.536401925391
344,2339.77578648788
345,2350.2992521918513
346,2351.3014870208012
347,2311.713211277291
348,2318.2277376654633
349,2330.5051143200963
350,2345.7891954615784
351,2348.294782533952
352,2355.059867629362
353,2366.8361268695203
354,2366.3350094550456
355,2366.585568162283
356,2365.833892040571
357,2362.827187553722
358,2377.610151280729
359,2389.8875279353615
360,2389.6369692281246
361,2381.6190905965277
362,2386.1291473268006
363,2383.6235602544266
364,2377.109033866254
365,2377.109033866254
366,2392.393115007736
367,2388.384175691938
368,2382.3707667182393
369,2382.8718841327145
370,2403.918815540657
371,2390.889762764312
372,2387.1313821557505
373,2387.6324995702253
374,2388.885293106412
375,2392.6436737149734
376,2376.1067990373044
377,2393.144791129448
378,2373.350653257693
379,2382.120208011002
380,2378.361827402441
381,2379.8651796458657
382,2385.8785886195637
383,2360.5721591885854
384,2378.6123861096785
385,2383.3730015471892
386,2379.8651796458657
387,2396.9031717380094
388,2400.4109936393334
389,2414.1917225373904
390,2410.9344593433043
391,2411.9366941722537
392,2424.7151882413614
393,2427.972451435448
394,2421.95904246175
395,2424.7151882413614
396,2429.225244971635
397,2429.225244971635
398,2423.2118359979368
399,2424.214070826887
400,2426.970216606498
401,2427.471334020973
402,2426.719657899261
403,2422.9612772906994
404,2426.4690991920234
405,2431.730832044009
406,2424.7151882413614
407,2423.712953412412
408,2393.6459085439233
409,2394.6481433728727
410,2418.200661853189
411,2421.207366340038
412,2421.95904246175
413,2387.1313821557505
414,2383.6235602544266
415,2382.120208011002
416,2407.176078734743
417,2400.9121110538076
418,2393.144791129448
419,2399.909876224858
420,2396.9031717380094
421,2401.1626697610454
422,2408.929989685405
423,2428.223010142685
424,2431.9813907512466
425,2422.7107185834625
426,2409.6816658071175
427,2420.9568076328005
428,2418.4512205604265
429,2415.4445160735772
430,2441.252062919031
431,2448.2677067216778
432,2449.7710589651024
433,2449.2699415506277
434,2453.2788808664263
435,2459.292289840124
436,2461.54731820526
437,2459.0417311328865
438,2456.0350266460373
439,2456.0350266460373
440,2448.017148014441
441,2453.0283221591885
442,2463.8023465703973
443,2463.0506704486847
444,2471.068549080282
445,2480.840338662541
446,2488.357099879663
447,2490.862686952037
448,2505.395091971807
449,2501.636711363246
450,2497.37721334021
451,2503.641181021145
452,2508.9029138731303
453,2505.1445332645694
454,2508.6523551658934
455,2511.6590596527417
456,2513.6635293106415
457,2516.9207925047276
458,2513.6635293106415
459,2527.9453756231733
460,2520.4286144060516
461,2522.9342014784256
462,2510.406266116555
463,2516.419675090253
464,2533.207108475159
465,2526.6925820869865
466,2529.1981691593605
467,2534.2093433041086
468,2533.708225889634
469,2540.723869692281
470,2545.484485129792
471,2541.976663228468
472,2547.739513494929
473,2537.9677239126695
474,2536.464371669245
475,2537.9677239126695
476,2531.453197524497
477,2522.182525356713
478,2542.2272219357055
479,2534.7104607185834
480,2536.96548908372
481,2555.005716004813
482,2554.0034811758637
483,2553.7529224686264
484,2558.2629791988998
485,2558.513537906137
486,2582.0660563864535
487,2580.562704143029
488,2601.359076843734
489,2598.85348977136
490,2598.352372356885
491,2587.327789238439
492,2586.8266718239643
493,2593.0906395048996
494,2605.61857486677
495,2613.887012205604
496,2623.408243080626
497,2624.1599192023377
498,2614.137570912842
499,2634.1822674918344
500,2648.2135550971293
501,2641.1979112944814
502,2639.44400034382
503,2645.4574093175174
504,2641.6990287089566
505,2639.44400034382
506,2636.1867371497337
507,2639.44400034382
508,2635.4350610280217
509,2647.9629963898915
510,2666.754899432697
511,2678.781717380093
512,2693.063563692625
513,2701.8331184459344
514,2710.3521144920064
515,2702.334235860409
516,2718.6205518308407
517,2740.1686006532577
518,2748.938155406567
519,2736.4102200446964
520,2762.21776689015
521,2754.1998882585526
522,2765.2244713769983
523,2784.016374419804
524,2796.2937510744373
525,2794.7903988310127
526,2792.785929173113
527,2825.1080024067387
528,2809.5733625580197
529,2782.262463469142
530,2783.515257005329
531,2768.9828519855596
532,2720.123904074265
533,2630.925004297748
534,2646.960761560942
535,2657.9853446793877
536,2566.5314165377345
537,2567.7842100739213
538,2616.8937166924534
539,2614.137570912842
540,2649.2157899260787
541,2676.526689014956
542,2689.5557417913014
543,2682.7906566958914
544,2664.750429774798
545,2667.256016847172
546,2658.9875795083376
547,2696.8219443011862
548,2730.8979284854736
549,2705.8420577617326
550,2685.5468024755032
551,2624.661036616813
552,2644.705733195806
553,2681.0367457452294
554,2679.7839522090426
555,2683.041215403129
556,2685.5468024755032
557,2735.6585439229843
558,2743.6764225545817
559,2715.1127299295167
560,2700.079207495273
561,2702.0836771531717
562,2710.3521144920064
563,2657.734785972151
564,2668.5088103833596
565,2671.7660735774452
566,2602.3613116726838
567,2546.7372786659794
568,2607.372485817432
569,2551.2473353962523
570,2558.513537906137
571,2593.8423156266117
572,2518.1735860409144
573,2557.010185662713
574,2590.5850524325256
575,2613.3858947911294
576,2551.999011517965
577,2576.804323534468
578,2607.121927110194
579,2594.844550455561
580,2619.9004211793017
581,2602.1107529654464
582,2632.67891524841
583,2660.490931751762
584,2661.2426078734743
585,2644.9562919030427
586,2615.3903644490288
587,2616.643157985216
588,2570.5403558535327
589,2582.0660563864535
590,2617.895951521403
591,2617.394834106928
592,2604.1152226233453
593,2594.844550455561
594,2583.569408629878
595,2574.0481777548566
596,2613.135336083892
597,2617.895951521403
598,2616.142040570741
599,2640.696793880007
600,2668.2582516761217
601,2675.2738954787687
602,2678.0300412583806
603,2654.226964070827
604,2669.511045212309
605,2667.506575554409
606,2662.9965188241363
607,2678.280599965618
608,2675.5244541860066
609,2677.027806429431
610,2674.522219357057
611,2666.754899432697
612,2672.5177496991573
613,2636.9384132714454
614,2672.5177496991573
615,2656.4819924359635
616,2681.0367457452294
617,2696.5713855939484
618,2696.5713855939484
619,2716.365523465704
620,2718.871110538078
621,2726.3878717552006
622,2735.6585439229843
623,2733.4035155578476
624,2731.3990458999483
625,2735.1574265085096
626,2728.3923414130995
627,2720.62502148874
628,2709.3498796630565
629,2718.119434416366
630,2693.3141223998628
631,2707.8465274196324
632,2666.5043407254598
633,2674.7727780642945
634,2658.486462093863
635,2664.750429774798
636,2676.0255716004813
637,2667.506575554409
638,2658.486462093863
639,2667.256016847172
640,2681.287304452467
641,2705.0903816400205
642,2731.148487192711
643,2740.6697180677324
644,2722.8800498538762
645,2742.924746432869
646,2748.1864792848546
647,2745.1797747980063
648,2761.2155320611996
649,2762.21776689015
650,2753.1976534296027
651,2749.9403902355166
652,2753.44821213684
653,2763.4705604263368
654,2788.7769898573147
655,2782.763580883617
656,2764.222236548049
657,2748.437037992092
658,2763.4705604263368
659,2761.967208182912
660,2773.2423500085956
661,2785.0186092487534
662,2795.5420749527248
663,2804.5621884132715
664,2807.0677754856456
665,2803.3093948770843
666,2778.2535241533433
667,2772.2401151796457
668,2786.7725201994153
669,2765.7255887914735
670,2787.7747550283652
671,2799.551014268523
672,2806.316099363933
673,2811.577832215919
674,2810.575597386969
675,2802.307160048135
676,2821.600180505415
677,2842.6471119133575
678,2842.6471119133575
679,2862.6918084923504
680,2845.6538164002063
681,2846.154933814681
682,2854.1728124462784
683,2840.3920835482204
684,2833.125881038336
685,2826.360795942926
686,2817.591241189617
687,2825.859678528451
688,2835.3809094034727
689,2837.8864964758463
690,2847.1571686436305
691,2851.4166666666665
692,2834.879791988998
693,2853.9222537390406
694,2856.92895822589
695,2877.7253309265943
696,2876.723096097645
697,2865.949071686436
698,2862.4412497851126
699,2858.1817517620766
700,2859.434545298264
701,2857.9311930548392
702,2864.445719443012
703,2868.45465875881
704,2869.7074522949974
705,2842.1459944988824
706,2831.1214113804367
707,2833.125881038336
708,2827.3630307718754
709,2745.430333505243
710,2685.2962437682654
711,2710.602673199244
712,2704.3387055183084
713,2753.1976534296027
714,2744.9292160907685
715,2711.1037906137185
716,2717.1171995874165
717,2702.0836771531717
718,2684.7951263537907
719,2618.647627643115
720,2650.218024755028
721,2588.079465360151
722,2546.9878373732167
723,2616.8937166924534
724,2659.2381382155754
725,2681.7884218669415
726,2662.745960116899
727,2677.027806429431
728,2686.5490373044527
729,2748.938155406567
730,2741.671952896682
731,2730.1462523637615
732,2675.023336771532
733,2663.9987536530857
734,2649.9674660477913
735,2666.003223310985
736,2683.041215403129
737,2628.1688585181364
738,2586.3255544094895
739,2591.0861698470003
740,2573.0459429259067
741,2568.7864449028707
742,2612.38365996218
743,2621.153214715489
744,2678.781717380093
745,2687.050154718927
746,2698.325296544611
747,2730.6473697782367
748,2642.701263537906
749,2625.913830153
750,2578.3076757778927
751,2584.32108475159
752,2585.573878287777
753,2605.61857486677
754,2593.5917569193743
755,2534.7104607185834
756,2476.07972322503
757,2486.1020715145264
758,2440.2498280900804
759,2401.413228468283
760,2353.8070740931753
761,2277.8877858002406
762,2390.889762764312
763,2416.947868317002
764,2413.189487708441
765,2438.495917139419
766,2431.9813907512466
767,2388.1336169847
768,2464.8045813993467
769,2489.8604521230877
770,2510.9073835310296
771,2522.683642771188
772,2533.9587845968713
773,2531.2026388172594
774,2520.4286144060516
775,2545.484485129792
776,2555.5068334192883
777,2569.538121024583
778,2605.117457452295
779,2599.6051658930724
780,2562.2719185146984
781,2573.0459429259067
782,2573.797619047619
783,2599.3546071858345
784,2573.797619047619
785,2575.3009712910434
786,2613.3858947911294
787,2634.1822674918344
788,2639.6945590510572
789,2653.725846656352
790,2671.515514870208
791,2666.754899432697
792,2637.4395306859205
793,2634.683384906309
794,2643.202380952381
795,2679.5333935018048
796,2693.063563692625
797,2687.8018308406395
798,2709.099320955819
799,2714.8621712222794
800,2721.877815024927
801,2722.8800498538762
802,2704.589264225546
803,2725.8867543407255
804,2736.9113374591716
805,2734.4057503867975
806,2727.6406652913874
807,2723.631725975589
808,2742.924746432869
809,2727.39010658415
810,2731.3990458999483
811,2712.1060254426684
812,2682.038980574179
813,2673.0188671136325
814,2718.119434416366
815,2730.396811070999
816,2750.190948942754
817,2747.6853618703803
818,2759.962738525013
819,2769.4839694000343
820,2761.4660907684374
821,2763.2200017190994
822,2796.0431923671995
823,2740.1686006532577
824,2735.909102630222
825,2745.6808922124806
826,2744.9292160907685
827,2751.443742478941
828,2766.9783823276603
829,2800.8038078047102
830,2804.311629706034
831,2807.318334192883
832,2812.5800670448684
833,2826.8619133574007
834,2828.6158243080627
835,2813.5823018738183
836,2823.6046501633145
837,2822.10129791989
838,2841.895435791645
839,2838.8887313047967
840,2838.8887313047967
841,2837.635937768609
842,2839.890966133746
843,2841.895435791645
844,2866.199630393674
845,2867.2018652226234
846,2865.4479542719614
847,2870.45912841671
848,2878.9781244627816
849,2874.969185146983
850,2866.700747808148
851,2847.1571686436305
852,2877.22421351212
853,2865.6985129791988
854,2803.810512291559
855,2822.10129791989
856,2801.5554839264228
857,2809.072245143545
858,2738.9158071170705
859,2771.738997765171
860,2786.7725201994153
861,2805.3138645349836
862,2794.5398401237753
863,2772.741232594121
864,2797.546544610624
865,2792.2848117586386
866,2746.68312704143
867,2760.21329723225
868,2762.9694430118616
869,2735.1574265085096
870,2717.1171995874165
871,2719.6227866597906
872,2683.792891524841
873,2666.754899432697
874,2727.1395478769123
875,2753.44821213684
876,2778.0029654461064
877,2808.070010314595
878,2821.349621798178
879,2817.841799896854
880,2809.3228038507823
881,2818.0923586040913
882,2823.6046501633145
883,2823.1035327488394
884,2851.166107959429
885,2860.4367801272133
886,2886.9960030943785
887,2889.5015901667525
888,2880.2309179989684
889,2850.915549252192
890,2849.6627557160045
891,2858.682869176552
892,2864.9468368574867
893,2893.510529482551
894,2897.770027505587
895,2928.5887484957884
896,2929.841542031975
897,2919.3180763280043
898,2908.042934502321
899,2907.541817087846
900,2924.5798091799898
901,2927.085396252364
902,2942.8705948083207
903,2944.3739470517453
904,2938.360538078047
905,2919.3180763280043
906,2923.076456936565
907,2917.313606670105
908,2913.5552260615436
909,2934.3515987622486
910,2947.3806515385936
911,2932.848246518824
912,2955.8996475846657
913,2950.8884734399176
914,2938.360538078047
915,2921.573104693141
916,2886.745444387141
917,2863.9446020285372
918,2776.4996132026818
919,2807.5688929001203
920,2814.0834192882926
921,2864.445719443012
922,2857.9311930548392
923,2810.575597386969
924,2852.920018910091
925,2772.4906738868835
926,2778.2535241533433
927,2817.841799896854
928,2856.4278408114146
929,2836.132585525185
930,2851.6672253739043
931,2855.425605982465
932,2774.74570225202
933,2794.0387227093
934,2798.7993381468114
935,2812.5800670448684
936,2851.6672253739043
937,2848.9110795942925
938,2826.1102372356886
939,2831.371970087674
940,2864.6962781502493
941,2906.2890235516593
942,2908.293493209558
943,2905.5373474299467
944,2897.5194687983494
945,2923.327015643803
946,2943.121153515558
947,2936.8571858346227
948,2925.582044008939
949,2933.349363933299
950,2935.103274883961
951,2936.6066271273853
952,2923.076456936565
953,2922.825898229328
954,2889.000472752278
955,2914.808019597731
956,2907.7923757950834
957,2884.239857314767
958,2906.0384648444215
959,2869.958011002235
960,2817.340682482379
961,2828.8663830153
962,2873.9669503180335
963,2867.4524239298607
964,2825.3585611139765
965,2844.401022864019
966,2861.4390149561627
967,2907.0406996733714
968,2891.506059824652
969,2922.5753395220904
970,2913.8057847687815
971,2924.830367887227
972,2916.3113718411555
973,2931.3448942754
974,2925.331485301702
975,2925.832602716177
976,2933.0988052260614
977,2947.631210245831
978,2964.9197610452125
979,2960.6602630221764
980,2968.9287003610107
981,2955.6490888774283
982,2987.7206034038163
983,3000.7496561801618
984,3001.751891009111
985,2997.492392986075
986,3005.259712910435
987,3014.5303850782193
988,3009.5192109334707
989,3014.780943785456
990,3020.0426766374417
991,3021.5460288808663
992,3040.0873732164346
993,3044.8479886539453
994,3047.854693140794
995,3032.5706119993124
996,3029.313348805226
997,3034.073964242737
998,3056.123130479629
999,3064.1410091112257
1000,3077.921738009283
1001,3076.418385765859
1002,3069.9038593776863
1003,3045.850223482895
1004,3014.5303850782193
1005,3041.590725459859
1006,3044.8479886539453
1007,3075.6667096441465
1008,3065.143243940175
1009,3057.877041430291
1010,3066.3960374763624
1011,3095.961964930377
1012,3096.7136410520884
1013,3120.76727694688
1014,3120.76727694688
1015,3124.024540140966
1016,3131.0401839436136
1017,3148.579293450232
1018,3149.832086986419
1019,3150.0826456936566
1020,3161.1072288121027
1021,3162.610581055527
1022,3146.073706377858
1023,3151.084880522606
1024,3174.6373990029224
1025,3161.1072288121027
1026,3165.1161681279013
1027,3164.364492006189
1028,3187.6664517792674
1029,3196.4360065325773
1030,3186.9147756575553
1031,3208.212265772735
1032,3207.7111483582603
1033,3208.462824479973
1034,3237.026517105037
1035,3248.802776345195
1036,3249.0533350524324
1037,3245.545513151109
1038,3245.2949544438716
1039,3247.5499828090083
1040,3211.469528966821
1041,3169.375666150937
1042,3203.7022090424616
1043,3201.9482980918
1044,3199.9438284339008
1045,3145.572588963383
1046,3173.635164173973
1047,3222.24355337803
1048,3256.5700962695546
1049,3267.0935619735255
1050,3253.5633917827063
1051,3269.8497077531374
1052,3283.3798779439576
1053,3302.171780986763
1054,3296.65948942754
1055,3298.6639590854393
1056,3311.9435705690216
1057,3295.1561371841153
1058,3311.4424531545474
1059,3296.4089307203026
1060,3255.06674402613
1061,3156.8477307890666
1062,3051.8636324565928
1063,3047.854693140794
1064,2931.0943355681625
1065,2801.304925219185
1066,2968.427582946536
1067,2944.1233883445075
1068,3033.3222881210245
1069,2937.3583032490974
1070,2867.953541344336
1071,2701.0814423242223
1072,2768.481734571085
1073,2666.754899432697
1074,2429.4758036788726
1075,2522.182525356713
1076,2377.109033866254
1077,2444.7598848203543
1078,2252.3307976620254
1079,2368.0889204057075
1080,2244.0623603231907
1081,2138.577144576242
1082,2354.5587502148874
1083,2455.283350524325
1084,2511.1579422382674
1085,2489.8604521230877
1086,2542.4777806429433
1087,2512.410735774454
1088,2370.5945074780816
1089,2434.737536530858
1090,2388.6347343991747
1091,2570.2897971462953
1092,2612.38365996218
1093,2664.750429774798
1094,2717.1171995874165
1095,2690.557976620251
1096,2769.9850868145095
1097,2709.600438370294
1098,2719.3722279525527
1099,2787.023078906653
1100,2755.202123087502
1101,2674.7727780642945
1102,2735.407985215747
1103,2728.3923414130995
1104,2766.4772649131855
1105,2814.0834192882926
1106,2802.307160048135
1107,2879.4792418772563
1108,2832.3742049166235
1109,2755.953799209214
1110,2767.7300584493723
1111,2796.5443097816747
1112,2783.0141395908545
1113,2804.812747120509
1114,2855.9267233969404
1115,2864.445719443012
1116,2811.577832215919
1117,2735.6585439229843
1118,2766.4772649131855
1119,2779.506317689531
1120,2895.013881725976
1121,2866.199630393674
1122,2903.28231906481
1123,2884.239857314767
1124,2880.2309179989684
1125,2923.828133058277
1126,2925.331485301702
1127,2957.4029998280903
1128,2969.6803764827227
1129,2970.4320526044353
1130,2987.7206034038163
1131,2998.494627815025
1132,3060.382628502665
1133,3033.8234055354997
1134,3124.024540140966
1135,3157.5994069107787
1136,3149.080410864707
1137,3138.055827746261
1138,2956.150206291903
1139,2959.407469485989
1140,2986.9689272821042
1141,3047.604134433557
1142,3044.3468712394706
1143,3040.839049338147
1144,3045.0985473611827
1145,3047.604134433557
1146,3073.41168127901
1147,2997.7429516933125
1148,3011.0225631768953
1149,2953.644619219529
1150,2973.1881983840467
1151,3027.308879147327
1152,3059.1298349664776
1153,3071.407211621111
1154,3060.633187209902
1155,3109.742693828434
1156,3089.1968798349667
1157,3099.4697868317003
1158,3084.1857056902186
1159,3115.756102802132
1160,3107.7382241705345
1161,3123.7739814337287
1162,3164.615050713426
1163,3150.8343218153686
1164,3168.3734313219875
1165,3192.1765085095412
1166,3195.6843304108647
1167,3211.2189702595842
1168,3171.129577101599
1169,3149.330969571944
1170,3177.1429860752964
1171,3160.35555269039
1172,3197.4382413615267
1173,3182.905836341757
1174,3192.1765085095412
1175,3237.527634519512
1176,3237.2770758122742
1177,3261.330711707066
1178,3284.6326714801444
1179,3288.140493381468
1180,3296.9100481347778
1181,3281.876525700533
1182,3323.970388516417
1183,3314.950275055871
1184,3306.681837717036
1185,3325.473740759842
1186,3332.4893845624892
1187,3323.218712394705
1188,3330.7354736118273
1189,3336.9994412927626
1190,3368.3192796974386
1191,3384.355036960633
1192,3417.6793450232076
1193,3434.967895822589
1194,3452.0058879147327
1195,3452.0058879147327
1196,3465.536058105553
1197,3529.428528451092
1198,3391.6212394705176
1199,3374.332688671136
1200,3378.84274540141
1201,3292.1494326972665
1202,3355.5407856283305
1203,3296.158372013065
1204,3288.140493381468
1205,3338.0016761217125
1206,3338.502793536187
1207,3342.0106154375108
1208,3294.4044610624037
1209,3268.847472924188
1210,3210.4672941378717
1211,3261.080152999828
1212,3192.677625924016
1213,3188.919245315455
1214,3242.2882499570223
1215,3300.1673113288634
1216,3284.1315540656697
1217,3302.4223396940006
1218,3316.2030685920577
1219,3305.1784854736115
1220,3351.5318463125323
1221,3312.695246690734
1222,3367.567603575726
1223,3392.3729155922297
1224,3420.4354908028195
1225,3486.3324308062574
1226,3468.5427625924017
1227,3445.7419202337974
1228,3434.967895822589
1229,3440.2296286745745
1230,3377.3393931579853
1231,3403.8986161251505
1232,3390.117887227093
1233,3404.9008509541
1234,3410.9142599277975
1235,3339.003910950662
1236,3348.274583118446
1237,3237.7781932267494
1238,3271.102501289324
1239,3201.9482980918
1240,3241.7871325425476
1241,3327.478210417741
1242,3393.876267835654
1243,3456.2653859377688
1244,3465.285499398315
1245,3540.703670276775
1246,3501.365953240502
1247,3520.658973697782
1248,3477.0617586384733
1249,3544.7126095925737
1250,3571.021273852501
1251,3561.7506016847174
1252,3533.6880264741276
1253,3536.6947309609764
1254,3521.9117672339694
1255,3532.4352329379403
1256,3585.5536788722707
1257,3585.5536788722707
1258,3574.2785370465876
1259,3593.571557503868
1260,3571.5223912669762
1261,3615.62072374076
1262,3624.139719786832
1263,3621.1330152999826
1264,3651.450618875709
1265,3638.6721248066015
1266,3657.965145263882
1267,3628.900335224342
1268,3627.3969829809184
1269,3618.376869520371
1270,3607.101727694688
1271,3647.4416795599104
1272,3664.7302303592915
1273,3676.5064895994497
1274,3653.7056472408462
1275,3642.4305054151623
1276,3640.6765944645003
1277,3660.4707323362554
1278,3657.7145865566445
1279,3693.2939229843564
1280,3689.0344249613204
1281,3690.7883359119824
1282,3703.56682998109
1283,3655.710116898745
1284,3686.027720474471
1285,3710.833032490975
1286,3765.705389375967
1287,3778.98500085955
1288,3752.676336599622
1289,3759.441421695032
1290,3771.969357056902
1291,3763.700919718068
1292,3726.8687897541686
1293,3733.6338748495787
1294,3760.1930978167443
1295,3816.067689530686
1296,3817.5710417741107
1297,3809.8037218497507
1298,3805.544223826715
1299,3813.3115437510746
1300,3697.302862300155
1301,3755.4324823792335
1302,3680.2648702080114
1303,3736.3900206291905
1304,3790.5107013924703
1305,3794.2690820010316
1306,3820.577746260959
1307,3842.376353790614
1308,3865.6783135636924
1309,3875.9512205604265
1310,3862.922167784081
1311,3869.4366941722537
1312,3887.727479800584
1313,3916.040613718412
1314,3895.244241017707
1315,3891.485860409146
1316,3881.4635121196493
1317,3871.691722537391
1318,3844.3808234485127
1319,3850.394232422211
1320,3885.22189272821
1321,3792.765729757607
1322,3800.2824909747296
1323,3865.1771961492177
1324,3845.6336169847
1325,3798.0274626095925
1326,3731.3788464844424
1327,3807.7992521918513
1328,3807.2981347773766
1329,3847.6380866425993
1330,3866.6805483926423
1331,3905.0160305999657
1332,3906.7699415506277
1333,3918.0450833763107
1334,3930.823577445419
1335,3933.830281932267
1336,3881.7140708268867
1337,3889.481390751246
1338,3906.7699415506277
1339,3871.691722537391
1340,3865.9288722709302
1341,3878.707366340038
1342,3914.036144060512
1343,3937.8392212480658
1344,3925.8124033006707
1345,3946.358217294138
1346,3976.425262162627
1347,4042.5727608733023
1348,4037.812145435792
1349,4043.8255544094895
1350,4062.3668987450574
1351,4086.6710933470863
1352,4095.9417655148704
1353,4109.47193570569
1354,4093.185619735259
1355,4138.035628330755
1356,4156.326413959086
1357,4128.7649561629705
1358,4104.961878975417
1359,4139.2884218669415
1360,4102.456291903043
1361,4155.324179130136
1362,4157.579207495272
1363,4159.8342358604095
1364,4158.3308836169845
1365,4179.12725631769
1366,4146.805183084064
1367,4163.342057761733
1368,4119.494283995186
1369,4138.536745745229
1370,4157.328648788035
1371,4202.679774798005
1372,4174.867758294654
1373,4112.478640192539
1374,4038.5638215575036
1375,4101.955174488568
1376,4145.552389547877
1377,4131.521101942582
1378,4122.751547189273
1379,4070.3847773766547
1380,4136.031158672856
1381,4129.767190991921
1382,4176.120551830841
1383,4161.588146811071
1384,4167.852114492006
1385,4173.36440605123
1386,4184.639547876913
1387,4167.100438370294
1388,4174.366640880179
1389,4176.872227952553
1390,4169.104908028194
1391,4204.9348031631425
1392,4196.916924531545
1393,4204.433685748668
1394,4194.912454873646
1395,4212.201005673027
1396,4215.708827574352
1397,4220.469443011862
1398,4223.2255887914735
1399,4205.435920577617
1400,4204.684244455905
1401,4158.581442324222
1402,4196.4158071170705
1403,4224.47838232766
1404,4223.726706205948
1405,4242.2680505415165
1406,4255.798220732337
1407,4264.06665807117
1408,4267.07336255802
1409,4274.84068248238
1410,4293.13146811071
1411,4328.710804538422
1412,4327.207452294997
1413,4319.690691077875
1414,4336.979241877257
1415,4291.126998452811
1416,4344.746561801616
1417,4361.032877772048
1418,4352.513881725976
1419,4352.263323018738
1420,4333.220861268695
1421,4304.657168643631
1422,4218.966090768437
1423,4307.9144318377175
1424,4331.216391610796
1425,4343.243209558192
1426,4390.849363933298
1427,4396.612214199759
1428,4371.806902183256
1429,4387.341542031975
1430,4400.8717122227945
1431,4371.055226061544
1432,4366.545169331271
1433,4396.612214199759
1434,4387.090983324737
1435,4401.873947051745
1436,4411.89629534124
1437,4413.149088877428
1438,4413.90076499914
1439,4423.672554581399
1440,4439.708311844593
1441,4444.970044696579
1442,4453.48904074265
1443,4419.663615265601
1444,4403.377299295168
1445,4388.844894275399
1446,4425.42646553206
1447,4466.016976104521
1448,4470.276474127557
1449,4483.054968196664
1450,4454.240716864363
1451,4493.828992607873
1452,4514.124247894102
1453,4507.108604091455
1454,4507.609721505931
1455,4513.372571772391
1456,4521.390450403987
1457,4530.661122571772
1458,4505.855810555268
1459,4496.0840209730095
1460,4489.0683771703625
1461,4451.484571084751
1462,4444.970044696579
1463,4425.42646553206
1464,4472.280943785456
1465,4463.260830324909
1466,4423.171437166924
1467,4324.952423929861
1468,4356.021703627299
1469,4385.086513666838
1470,4439.708311844593
1471,4445.220603403816
1472,4434.6971376998445
1473,4348.7555011174145
1474,4352.263323018738
1475,4313.176164689703
1476,4347.25214887399
1477,4286.867500429775
1478,4343.243209558192
1479,4337.229800584494
1480,4386.589865910262
1481,4379.824780814853
1482,4356.021703627299
1483,4329.963598074609
1484,4343.994885679904
1485,4419.663615265601
1486,4456.746303936737
1487,4469.02368059137
1488,4500.3435189960455
1489,4519.135422038851
1490,4531.663357400722
1491,4531.663357400722
1492,4553.712523637614
1493,4572.253867973182
1494,4551.708053979714
1495,4572.754985387656
1496,4586.786272992951
1497,4597.309738696922
1498,4618.85778751934
1499,4647.6720388516405
1500,4658.696621970087
1501,4686.258079766202
1502,4688.763666838577
1503,4672.978468282619
1504,4631.135164173973
1505,4642.159747292419
1506,4674.231261818806
1507,4670.723439917483
1508,4698.03433900636
1509,4685.50640364449
1510,4696.781545470173
1511,4689.515342960288
1512,4702.043278322159
1513,4679.994112085267
1514,4692.271488739901
1515,4701.2916022004465
1516,4574.508896338318
1517,4655.188800068764
1518,4570.750515729757
1519,4551.206936565239
1520,4584.781803335052
1521,4504.85357572632
1522,4591.2963297232245
1523,4671.224557331958
1524,4690.517577789238
1525,4671.725674746433
1526,4699.03657383531
1527,4677.989642427368
1528,4628.128459687124
1529,4686.258079766202
1530,4667.215618016159
1531,4625.622872614749
1532,4549.954143029052
1533,4628.379018394361
1534,4680.244670792505
1535,4728.853059996562
1536,4778.463684029568
1537,4785.980445246691
1538,4793.497206463812
1539,4782.973740759841
1540,4777.210890493381
1541,4781.219829809179
1542,4794.749999999999
1543,4713.56897885508
1544,4692.772606154374
1545,4677.989642427368
1546,4641.909188585181
1547,4702.293837029396
1548,4718.580152999828
1549,4661.953885164174
1550,4655.188800068764
1551,4656.942711019425
1552,4565.739341585009
1553,4548.450790785628
1554,4499.090725459859
1555,4408.6390321471545
1556,4360.0306429430975
1557,4364.791258380609
1558,4334.223096097645
1559,4335.475889633832
1560,4396.612214199759
1561,4488.066142341412
1562,4533.417268351383
1563,4583.779568506102
1564,4481.050498538765
1565,4514.875924015815
1566,4482.804409489428
1567,4512.119778236203
1568,4575.511131167268
1569,4489.820053292075
1570,4406.133445074781
1571,4402.124505758981
1572,4454.741834278838
1573,4478.043794051916
1574,4385.587631081314
1575,4354.518351383876
1576,4291.126998452811
1577,4308.415549252191
1578,4226.7334106927965
1579,4265.820569021833
1580,4374.563047962867
1581,4341.238739900293
1582,4292.3797919889985
1583,4392.352716176723
1584,4348.7555011174145
1585,4309.668342788379
1586,4217.963855939488
1587,4179.878932439402
1588,4290.876439745573
1589,4252.54095753825
1590,4215.708827574352
1591,4175.619434416366
1592,4263.816099363933
1593,4330.214156781846
1594,4407.386238610968
1595,4464.513623861096
1596,4447.225073061715
1597,4518.383745917138
1598,4473.78429602888
1599,4512.620895650679
1600,4527.403859377686
1601,4569.247163486333
1602,4636.647455733196
1603,4593.801916795598
1604,4563.484313219872
1605,4526.90274196321
1606,4579.770629190304
1607,4528.406094206635
1608,4487.815583634176
1609,4522.8938026474125
1610,4507.108604091455
1611,4423.171437166924
1612,4396.361655492521
1613,4457.497980058449
1614,4410.142384390579
1615,4382.079809179989
1616,4468.522563176895
1617,4475.287648272305
1618,4403.878416709644
1619,4307.413314423242
1620,4300.147111913358
1621,4197.668600653257
1622,4199.923629018394
1623,4293.13146811071
1624,4157.078090080798
1625,4133.275012893244
1626,4168.603790613718
1627,4300.397670620595
1628,4131.77166064982
1629,4125.758251676122
1630,3998.9755458139934
1631,3997.973310985044
1632,3947.3604521230873
1633,3908.0227350868145
1634,4029.042590682482
1635,4012.756274712051
1636,4091.431708784597
1637,3926.81463812962
1638,3917.543965961836
1639,3892.98921265257
1640,3969.660177067217
1641,3951.1188327316486
1642,3992.962136840296
1643,4075.64651022864
1644,4156.82753137356
1645,4187.395693656524
1646,4151.816357228812
1647,4129.516632284683
1648,4173.113847343992
1649,4113.981992435964
1650,4129.767190991921
1651,4167.852114492006
1652,4131.270543235344
1653,4044.577230531202
1654,3929.5707839092315
1655,3749.669632112773
1656,3747.4146037476366
1657,3809.0520457280386
1658,3665.9830238954787
1659,3694.0455991060685
1660,3722.8598504383704
1661,3781.490587931924
1662,3777.231089908888
1663,3801.7858432181533
1664,3910.778880866426
1665,3913.785585353275
1666,3835.110151280729
1667,3826.0900378201823
1668,3791.2623775141824
1669,3836.864062231391
1670,3820.577746260959
1671,3834.358475159017
1672,3869.4366941722537
1673,3911.0294395736637
1674,3917.2934072545986
1675,3860.416580711707
1676,3818.8238353102975
1677,3815.3160134089735
1678,3798.27802131683
1679,3865.1771961492177
1680,3835.861827402441
1681,3948.863804366512
1682,3976.425262162627
1683,3999.977780642943
1684,3961.892857142857
1685,3964.6490029224688
1686,3928.0674316658074
1687,4045.0783479456763
1688,4079.1543321299637
1689,4148.057976620251
1690,4127.261603919546
1691,4114.984227264913
1692,4176.872227952553
1693,4156.576972666323
1694,4148.057976620251
1695,4152.568033350524
1696,4128.7649561629705
1697,4220.469443011862
1698,4214.456034038164
1699,4285.113589479113
1700,4307.66387313048
1701,4315.180634347602
1702,4289.623646209387
1703,4301.399905449544
1704,4239.261346054667
1705,4139.789539281416
1706,4145.30183084064
1707,4159.082559738697
1708,4198.42027677497
1709,4073.140923156266
1710,4058.357959429259
1711,3996.4699587416194
1712,3986.698169159361
1713,3954.6266546329725
1714,3913.785585353275
1715,3943.6020715145264
1716,3921.3023465703973
1717,3989.9554323534467
1718,4010.250687639677
1719,4101.955174488568
1720,4135.028923843906
1721,3954.87721334021
1722,3954.376095925735
1723,3921.5529052776346
1724,3898.0003867973182
1725,3923.0562575210593
1726,3890.984742994671
1727,3827.593390063607
1728,3799.530814853017
1729,3713.0880608561115
1730,3687.7816314251336
1731,3665.732465188242
1732,3753.1774540140964
1733,3658.4662626783565
1734,3627.3969829809184
1735,3704.8196235172773
1736,3800.5330496819665
1737,3816.5688069451608
1738,3770.466004813478
1739,3767.4593003266286
1740,3652.703412411896
1741,3640.927153171738
1742,3605.848934158501
1743,3607.3522864019255
1744,3691.0388946192193
1745,3608.85563864535
1746,3703.56682998109
1747,3735.6383445074785
1748,3704.0679473955647
1749,3679.7637527935362
1750,3773.4727093003266
1751,3818.8238353102975
1752,3878.206248925563
1753,3857.910993639333
1754,3833.1056816228297
1755,3917.543965961836
1756,3898.501504211793
1757,3923.306816228296
1758,3900.0048564552176
1759,3806.5464586556645
1760,3762.9492435963557
1761,3809.0520457280386
1762,3853.4009369090595
1763,3872.6939573663403
1764,3793.2668471720817
1765,4012.756274712051
1766,4039.816615093691
1767,4015.7629791988998
1768,4036.809910606842
1769,4015.261861784425
1770,4002.4833677153174
1771,4012.5057160048136
1772,3997.973310985044
1773,4051.592874333849
1774,4080.6576843733883
1775,4084.9171823964243
1776,4073.892599277978
1777,4011.2529224686264
1778,4002.7339264225543
1779,4134.277247722193
1780,4119.744842702424
1781,4106.214672511604
1782,4046.581700189101
1783,3984.1925820869865
1784,3973.418557675778
1785,4003.7361612515047
1786,3971.9152054323536
1787,4027.2886797318206
1788,4061.1141052088706
1789,4045.830024067389
1790,3929.5707839092315
1791,3879.2084837545126
1792,3848.8908801787866
1793,3860.6671394189448
1794,3921.3023465703973
1795,3854.904289152484
1796,3875.4501031459517
1797,3863.172726491319
1798,3817.3204830668733
1799,3876.452337974901
1800,3875.1995444387144
1801,3850.394232422211
1802,3878.4568076328
1803,3839.87076671824
1804,3921.0517878631595
1805,3920.801229155922
1806,3948.6132456592745
1807,3999.727221935706
1808,4010.250687639677
1809,4026.537003610108
1810,4017.266331442324
1811,4016.5146553206123
1812,3953.123302389548
1813,3927.566314251332
1814,3995.46772391267
1815,4044.577230531202
1816,4046.3311414818636
1817,4037.0604693140795
1818,4075.395951521403
1819,4091.6822674918344
1820,4047.3333763108135
1821,4093.4361784424964
1822,4150.313004985388
1823,4172.612729929517
1824,4153.820826886711
1825,4131.019984528108
1826,4174.116082172942
1827,4140.290656695892
1828,4105.4629963898915
1829,4107.216907340554
1830,4157.328648788035
1831,4148.809652741963
1832,4167.350997077531
1833,4103.458526731993
1834,4093.4361784424964
1835,4083.4138301529997
1836,4015.261861784425
1837,4016.013537906137
1838,4022.778623001547
1839,3981.93755372185
1840,3998.9755458139934
1841,3976.9263795771017
1842,3968.4073835310296
1843,3990.456549767922
1844,4060.111870379921
1845,4061.364663916108
1846,3997.221634863332
1847,4005.7406309094035
1848,3926.3135207151454
1849,3886.2241275571605
1850,3870.1883702939663
1851,3929.320225201994
1852,3900.255415162455
1853,3970.1612944816916
1854,4022.52806429431
1855,4014.0090682482382
1856,4065.624161939144
1857,4090.680032662885
1858,4147.306300498539
1859,4161.337588103834
1860,4140.7917741103665
1861,4122.250429774798
1862,4138.536745745229
1863,4147.055741791301
1864,4146.053506962352
1865,4125.006575554409
1866,4176.621669245315
1867,4179.628373732165
1868,4184.639547876913
1869,4186.894576242049
1870,4181.382284682826
1871,4161.588146811071
1872,4161.087029396596
1873,4187.395693656524
1874,4141.042332817604
1875,4103.959644146467
1876,4082.161036616813
1877,4156.82753137356
1878,4159.333118445934
1879,4143.046802475503
1880,4160.585911982122
1881,4153.069150764999
1882,4139.789539281416
1883,4156.576972666323
1884,4135.279482551143
1885,4178.876697610452
1886,4223.476147498711
1887,4206.187596699329
1888,4215.708827574352
1889,4167.100438370294
1890,4158.581442324222
1891,4166.599320955819
1892,4227.234528107272
1893,4221.722236548049
1894,4196.165248409833
1895,4239.762463469142
1896,4296.889848719271
1897,4288.3708526732
1898,4300.397670620595
1899,4281.355208870552
1900,4306.4110795942925
1901,4312.925605982466
1902,4399.36835997937
1903,4426.428700361011
1904,4433.19378545642
1905,4476.039324394017
1906,4467.520328347945
1907,4456.746303936737
1908,4438.9566357228805
1909,4418.410821729413
1910,4433.694902870895
1911,4396.862772906997
1912,4383.082044008939
1913,4423.171437166924
1914,4431.1893157985205
1915,4444.218368574867
1916,4491.072846828261
1917,4500.594077703284
1918,4499.090725459859
1919,4490.571729413787
1920,4453.238482035413
1921,4446.473396940003
1922,4453.739599449888
1923,4480.799939831528
1924,4518.133187209902
1925,4548.200232078391
1926,4543.940734055354
1927,4558.723697782362
1928,4591.797447137699
1929,4604.575941206807
1930,4575.010013752793
1931,4572.754985387656
1932,4592.298564552174
1933,4591.546888430462
1934,4593.050240673886
1935,4604.575941206807
1936,4573.0055440948945
1937,4615.349965618016
1938,4623.367844249613
1939,4607.081528279182
1940,4592.79968196665
1941,4584.2806859205775
1942,4557.721462953412
1943,4575.7616898745055
1944,4551.457495272477
1945,4542.186823104693
1946,4565.2382241705345
1947,4510.115308578304
1948,4476.791000515729
1949,4435.4488138215565
1950,4436.952166064982
1951,4466.5180935189965
1952,4456.495745229499
1953,4533.166709644146
1954,4439.958870551831
1955,4469.524798005844
1956,4501.345753824995
1957,4565.989900292246
1958,4585.533479456764
1959,4576.26280728898
1960,4577.515600825167
1961,4558.473139075124
1962,4527.403859377686
1963,4514.875924015815
1964,4521.390450403987
1965,4546.195762420491
1966,4522.392685232938
1967,4530.661122571772
1968,4566.491017706721
1969,4573.0055440948945
1970,4556.7192281244625
1971,4509.363632456592
1972,4507.609721505931
1973,4513.873689186866
1974,4503.600782190131
1975,4512.119778236203
1976,4511.117543407255
